ID,x,y
1,-3.5361617,-0.81020826
2,0.59632814,-0.82225585
3,-3.1467366,1.7890073
4,2.5677876,-2.1729186
5,-4.6978116,-3.0490339
6,1.9368217,1.6957113
7,3.4835658,-0.40490663
8,-0.18517943,-3.7355764
9,4.7187886,-4.7799525
10,4.260156,3.6074834
11,-4.614046,3.436671
12,-4.651394,-0.19092824
13,3.2330143,4.0100384
14,4.1123495,-3.3863559
15,-0.41874036,-4.013901
16,-3.4359636,3.2405558
17,-0.8412779,-4.080015
18,3.1529136,-3.9860616
19,2.9528897,4.067262
20,-4.256971,-4.439339
21,2.6505864,2.5987258
22,-4.780718,-4.3988457
23,0.45459175,4.190603
24,0.8170697,-3.9859526
25,-1.0214746,0.28693262
26,-5.0704565,-0.6492414
27,-1.2272981,-1.9459072
28,-3.7664502,4.560984
29,-1.8268038,1.7072222
30,3.9657755,3.4589734
31,3.646385,4.0612025
32,-3.195265,-0.015029026
33,0.17929341,3.70544
34,2.089278,-2.3058994
35,-0.10187986,3.429387
36,-3.7015915,-3.5548918
37,0.14259958,-3.3724735
38,-4.581201,5.3308773
39,-3.2496796,-0.45878077
40,-0.24472848,-3.3638928
41,-3.369894,0.9917463
42,4.026929,4.769908
43,-1.9805129,-2.5391593
44,-3.385838,-3.322813
45,-0.30324778,-1.0521829
46,4.113153,-4.9591823
47,-3.0187876,-1.7545334
48,2.5045443,1.5408336
49,-0.14487319,-0.1030777
50,0.2938259,-4.125324
51,3.5891585,3.3224173
52,4.216675,-5.2104044
53,-3.52362,4.491827
54,3.3994725,-3.72709
55,1.2069765,-2.6688328
56,-1.4279573,1.828074
57,4.3384233,-0.5228281
58,4.217295,-0.92134714
59,3.7439811,-0.71776164
60,-0.6335029,-4.264582
61,-0.38090217,4.6258492
62,0.70951974,0.82805854
63,-1.6642157,-1.4477893
64,1.4757017,-1.4634953
65,3.2581477,3.319787
66,-4.3113174,-3.5912411
67,-4.295337,-3.8533893
68,0.8491238,3.9985268
69,-4.2122927,-0.13318574
70,-1.2707556,-1.2107277
71,-5.0822034,-0.2849442
72,-2.2656002,-2.1596544
73,3.244088,3.9153159
74,3.817136,-0.12885758
75,1.5282134,1.8831558
76,-0.77730626,-4.683935
77,-4.38521,0.7482558
78,0.96940386,-0.39124498
79,2.2167685,2.7012205
80,3.0499837,-2.7359757
81,3.9358578,4.162118
82,-4.5412097,0.14693351
83,-0.74654096,0.38785118
84,2.6505353,-2.359505
85,0.32242292,5.1813893
86,-4.352014,3.061923
87,-3.2473478,0.00074186525
88,-0.88119537,-0.25377122
89,1.2600875,2.3187275
90,1.7096132,-2.2432487
91,1.7075834,1.4065055
92,4.590038,-0.6427126
93,5.018458,-0.6549093
94,-3.6155314,-4.9491205
95,-2.2983167,2.6400094
96,-3.2169454,-0.22221982
97,-2.0555594,-2.8348167
98,-0.8866692,4.8346667
99,-4.1825495,-3.5750492
100,-2.2565663,-2.3605692
101,0.19719753,-0.32017145
102,4.0203314,-4.0855937
103,0.44333175,-1.0637684
104,-4.0721917,-3.506212
105,4.0119214,3.3962643
106,2.5042942,2.8832278
107,4.4331417,-0.8706933
108,-1.2500515,2.304337
109,-4.019286,4.3367896
110,0.32641405,3.3257463
111,-0.6446892,-4.6700306
112,-4.5229235,-0.82302576
113,0.6550498,5.082294
114,-3.0260327,4.370787
115,0.6157727,-3.1835263
116,3.7106426,0.14982988
117,-1.6608164,2.9605172
118,2.702789,-1.2872907
119,-0.6057594,4.081845
120,4.448301,-0.6158525
121,-4.217366,4.2659187
122,-3.786239,-0.5968592
123,0.32381442,-4.8420053
124,-1.307876,-2.1629417
125,0.021937545,4.23719
126,-4.538013,0.4178277
127,0.1717999,-3.371658
128,-0.13924822,-4.17909
129,-0.055010747,-0.86121225
130,-2.1843956,2.5506387
131,-4.420285,-3.7677655
132,-1.9923054,-1.4545219
133,-0.45796648,-0.7035433
134,-3.6895492,-4.675881
135,3.5557394,-3.9933982
136,0.3309327,3.1386292
137,-0.9199538,-0.43423653
138,-0.36029476,-0.11203509
139,-3.3997843,-0.3762197
140,3.246855,0.40875515
141,-3.9122148,1.0138574
142,2.660428,-2.6246533
143,-3.4345279,4.611931
144,0.47692993,-4.7047653
145,-1.0637181,-3.3792796
146,-2.1471858,-1.0525355
147,3.9437351,4.258618
148,-3.283228,-3.7102027
149,3.8099103,-0.71032894
150,-0.47332016,-4.7053714
151,-0.60026884,4.882002
152,-3.7036035,-0.53407115
153,4.1348133,3.7404797
154,4.3824644,0.2665837
155,-4.2468314,0.10586825
156,-3.5789044,4.6276093
157,2.564008,1.9629271
158,4.573621,-4.794489
159,-2.9665787,-2.1390595
160,2.1109426,1.3789293
161,-4.595818,3.0159953
162,0.4799591,3.3537009
163,0.2461273,4.11738
164,2.9771013,1.3043696
165,3.1877017,0.38814598
166,3.8756409,-3.8148477
167,-2.2410417,1.3276978
168,0.20894676,-4.651193
169,2.2082336,-1.3967328
170,-1.0655609,4.7952566
171,-1.3735912,-1.434731
172,0.5429685,0.34061003
173,-3.8634171,-4.3482556
174,4.698904,0.8261866
175,-0.04582597,-3.5071762
176,-3.4109287,4.170701
177,-1.423813,2.8882308
178,-3.7336812,-3.6325502
179,-4.5818787,-0.77665246
180,-3.8940473,0.5048327
181,-0.6809357,3.5545638
182,3.0740879,-0.53600407
183,-3.6523967,-4.6151314
184,-4.50059,-0.50537986
185,-4.0776815,-4.6423564
186,-1.3296721,2.004382
187,0.8601895,-0.036518626
188,3.8735018,4.745343
189,0.44004753,3.6898532
190,4.395702,4.1491375
191,1.847826,-3.016828
192,2.0450604,-1.6000662
193,-2.6355474,-2.1039476
194,4.1419773,4.5242577
195,2.4402955,-1.4784968
196,-3.5775616,0.16304521
197,0.01076075,4.375526
198,-0.5786049,-4.819321
199,-4.0126047,4.5648255
200,1.0060937,1.6074452
201,-1.6958666,-1.8399206
202,-4.8565454,0.86327463
203,2.7824736,-1.6346747
204,-4.3081,-4.190386
205,1.2529653,-2.8821495
206,-2.8362541,1.9032445
207,-2.509902,-0.8698273
208,2.6687841,0.7371217
209,-1.3275745,1.308535
210,2.2843816,-2.9242306
211,4.882406,3.187261
212,-0.044093084,3.6108937
213,3.5811653,-3.636503
214,3.3959982,-3.8250592
215,3.7598677,0.04791177
216,4.029962,-4.733882
217,-2.67887,-1.9685153
218,-1.8774939,2.272582
219,3.490318,-4.9587054
220,0.8019935,0.3705851
221,2.021018,1.7965176
222,4.0585613,-3.5607965
223,3.2181497,-0.5414351
224,-1.0931624,-2.814065
225,0.7380126,-0.48234257
226,-4.8360877,-0.42030782
227,-2.7949486,2.7720215
228,-2.309065,-2.268343
229,2.2308862,-1.2279799
230,0.18210162,-4.2780843
231,-4.4962683,4.2645993
232,2.16564,-2.3267503
233,-1.8539596,1.2921728
234,-0.4537577,-0.22859265
235,0.13201044,-3.3120651
236,-1.4354308,-1.5574348
237,-2.741268,2.4320178
238,3.004227,2.474573
239,-1.2452439,2.029287
240,3.654613,4.0942636
241,2.4484832,-1.5197676
242,-0.14808403,-4.9910927
243,3.0746226,-0.47846353
244,-3.4860125,0.6059194
245,0.6323567,3.8623407
246,-2.2853293,1.9164084
247,4.1758814,-0.8299168
248,-1.1727699,-2.444213
249,2.9910555,-4.3847957
250,-1.9478889,-0.9627082
251,-3.4559195,-3.9943175
252,2.3040946,2.1922367
253,1.2863408,1.1899964
254,4.142163,-0.103063196
255,4.3086505,-3.127768
256,-1.7316953,1.9429263
257,-0.115913935,-2.996767
258,-2.810864,1.1195925
259,3.3061361,-3.3849862
260,4.202932,-3.1876948
261,0.56838584,-0.75568116
262,-3.5436056,-4.052683
263,3.3504395,0.1414819
264,1.2778713,-2.030297
265,-4.5591016,3.0407112
266,3.8606758,4.7409
267,-0.93276757,-3.1110885
268,2.122044,-1.3558812
269,-0.46624893,-0.24528463
270,-4.7945647,-4.6622105
271,2.0474696,-2.8151145
272,-3.6050825,0.6640174
273,2.308299,-1.8487222
274,4.8452716,-4.0887733
275,-3.87665,-3.3367352
276,3.4285975,-0.65842324
277,-4.693066,-4.6269994
278,0.18689375,-4.80785
279,-2.3259041,-1.3569925
280,0.74048746,0.62056196
281,4.2801633,-3.888088
282,-1.6126477,-2.585053
283,1.3704016,1.7291187
284,-3.4768612,-0.9836021
285,1.4017254,-2.1337206
286,-3.213742,0.3737549
287,-0.20077096,0.026506847
288,0.8156792,-2.983332
289,1.1066098,1.8717942
290,2.311271,-1.0809317
291,-4.2141557,-0.6379988
292,-1.0491606,-4.5085196
293,-3.2487495,4.865905
294,2.5659301,2.38484
295,-4.799128,0.9693237
296,3.5833862,-4.1208296
297,-3.0027742,-4.4738946
298,-0.10380029,-0.8005525
299,4.3199,0.81377405
300,-3.4462123,-3.0150273
301,-3.6484222,4.48156
302,-0.86134756,-0.6935794
303,2.8889136,3.1394284
304,4.614283,-3.2644324
305,-1.6745864,1.4939494
306,1.719851,-1.8262557
307,-3.0814939,1.8650703
308,4.0223093,-0.34192508
309,-4.1964765,0.14431296
310,-2.5705352,2.2066796
311,-3.7364318,0.942812
312,0.08572543,3.9405015
313,1.2081349,1.7982064
314,-0.87009156,0.11837749
315,-3.6652806,0.6219246
316,-4.481152,3.3591251
317,-1.5316044,-1.5643828
318,-4.675938,-3.0285673
319,1.6890886,1.764997
320,3.5924747,-4.633585
321,-1.725839,-1.9892273
322,-1.7217025,1.477163
323,-3.7614262,4.7769713
324,-4.0046325,4.3862805
325,-4.421582,-0.37865144
326,3.65225,3.3326323
327,-0.94956714,4.905895
328,3.8244822,-3.3278694
329,1.8856732,1.3136761
330,3.1111183,-4.322428
331,2.7925951,1.0402092
332,0.64222336,4.2158656
333,-0.42447788,4.6220093
334,2.728131,2.7583938
335,-3.827055,-4.387703
336,-4.76343,4.3853145
337,4.725019,3.2567883
338,4.5890465,-0.62324375
339,2.0577292,-1.7066145
340,4.6725044,-4.142906
341,-1.4608507,2.3464186
342,-3.8670318,0.121900484
343,2.10116,1.3347476
344,-0.2902705,0.5352125
345,-0.41644424,-3.872285
346,3.5541615,-0.2750232
347,-4.6625075,-3.7133915
348,-1.6634077,2.328562
349,-0.15495181,3.3282201
350,3.8687289,3.1072707
351,-3.7288625,4.1619563
352,-3.5569026,4.644084
353,-0.39541298,-0.22087485
354,3.343157,-0.30279917
355,4.454211,4.7898607
356,0.49999246,-3.6094964
357,1.0308626,-0.23292331
358,1.8784271,2.4210606
359,-0.4578967,3.977512
360,0.6490386,-4.1839848
361,-0.5517755,-3.287245
362,-3.0151358,-2.6215937
363,0.19776483,4.6788654
364,-0.58737224,0.4193236
365,2.1731312,2.893619
366,4.3871875,4.5470424
367,-3.9847147,4.492125
368,-1.602619,-1.1807661
369,4.464138,-0.69812965
370,-2.9842832,-1.6751662
371,3.6580055,-3.8451743
372,3.1887462,-0.26674807
373,-0.72388405,4.097824
374,4.316145,5.0442977
375,-2.2890658,-2.904255
376,3.9837213,-0.38583153
377,-3.8601673,3.5284579
378,1.9245584,-0.9938454
379,-4.193572,-4.8277392
380,-2.165641,1.536245
381,3.6402626,0.16943869
382,1.6982569,-2.2493198
383,-3.3030872,-0.30627224
384,-2.912107,2.2913704
385,-3.1138496,-3.3598151
386,-3.293811,-4.105448
387,4.8881135,-4.253757
388,-1.2660857,-1.567165
389,-0.760511,0.16159885
390,1.4599242,2.218076
391,-0.81692266,0.7872341
392,-2.4036446,3.1787004
393,-4.7834625,-0.78580093
394,-1.386695,-2.4004672
395,-1.4111748,1.4569978
396,3.8184133,4.2720704
397,-0.70228136,-0.049053326
398,-2.550818,-2.4092965
399,2.5881958,-2.846177
400,3.5461936,-0.92372864
401,-1.281392,-2.0008898
402,-0.70359683,0.123920485
403,0.783692,-0.9393155
404,2.6808474,-1.6076406
405,2.865403,-3.5235553
406,-3.3693511,3.7558293
407,1.2932763,-2.5328083
408,4.1437283,4.5139046
409,-4.217228,4.6814675
410,3.2349226,3.1436222
411,-4.3385334,-3.6426373
412,3.6967432,0.21101323
413,3.1807957,-4.077152
414,-0.5093683,4.2270956
415,3.891346,-3.6261177
416,0.5814454,-1.1038496
417,-4.7027287,-4.5805097
418,0.38834092,-4.655099
419,0.048775516,0.9187937
420,1.8713987,2.779698
421,-3.6703997,3.8724048
422,-2.4709175,-1.3277222
423,3.0295503,0.6423423
424,4.212101,0.15900408
425,2.9043634,2.4753573
426,5.1562867,4.312754
427,4.517164,4.8483295
428,4.451363,-4.264563
429,-4.9888935,4.3914695
430,-4.117737,-4.125345
431,-2.9886613,-0.55499494
432,-1.3457718,-2.2612772
433,0.4085144,3.6956668
434,-1.5559589,-1.4627424
435,0.3153104,-3.7547348
436,0.17114621,0.2759625
437,4.28038,3.0196466
438,-3.3748894,5.0247397
439,-4.413398,-0.42819914
440,-1.4604331,-2.1181653
441,-2.765595,-2.0142365
442,-2.799343,1.4632123
443,-2.370959,3.0191767
444,-5.0662575,0.46651575
445,3.2590878,0.7681425
446,4.840203,-0.61790556
447,1.2076222,-4.103214
448,3.0192838,-1.3546726
449,2.90093,5.0606384
450,-2.3365176,3.0272784
451,-1.052169,0.9648521
452,0.06794152,0.36539
453,-3.9811893,-4.1644025
454,-2.1625912,2.602682
455,-3.6389165,-0.70251817
456,3.2397432,-3.713038
457,2.1726363,-2.9823086
458,-3.2341845,-0.98283434
459,-4.9074965,0.35859525
460,-0.48625982,3.6763566
461,1.5335635,-1.9704597
462,-0.7449443,3.2271905
463,-3.2319882,-0.93767303
464,3.8152864,-0.30172795
465,-1.2250731,-2.031376
466,4.3530636,-3.2670968
467,-2.301679,1.8051528
468,0.50104415,0.18720037
469,-0.7896818,3.1583807
470,3.8010776,3.6720684
471,0.7554582,3.8991761
472,-0.15459815,0.99485123
473,3.9280019,-4.802854
474,-0.055950947,-0.46329957
475,0.874661,-3.345405
476,4.1350965,-4.7366
477,4.5144105,3.8045857
478,-3.8211577,-3.4828696
479,3.9703896,3.033617
480,0.4778047,3.3637946
481,0.58765614,-3.8292513
482,-3.7703598,-3.3478668
483,1.5307393,1.2938842
484,0.6111683,-4.1090465
485,-4.742041,-4.1331987
486,3.4892528,0.17776585
487,-4.685595,3.4386709
488,-2.5864305,-2.100182
489,0.28181145,3.384628
490,-3.8230102,4.549179
491,4.62877,4.957048
492,-3.9966843,0.20026408
493,2.7422495,1.7223232
494,0.54650396,4.7541223
495,-2.1793764,-2.6809304
496,-3.4145677,3.7763934
497,-4.7859893,4.827457
498,-1.585282,1.625052
499,-1.5870394,1.9003409
500,3.300291,4.7122054
501,-3.19431,-0.89143497
502,-1.8218457,-1.4884175
503,-1.6038815,1.2768594
504,-3.7646964,4.587388
505,1.817758,2.7975693
506,4.50897,-3.7809455
507,-4.466632,4.391913
508,-4.074574,-3.9559534
509,-2.9100144,0.44805363
510,0.830231,-3.1325598
511,0.43375713,4.043169
512,-3.3280532,0.12205999
513,-4.2051024,-0.88544214
514,-2.8166509,1.5565087
515,-4.3418856,4.0477533
516,-4.5494075,0.8228569
517,-2.6300716,-1.2510066
518,-1.310462,2.1100423
519,3.5653038,-0.84138334
520,4.2193155,4.249114
521,-4.2529225,4.2049465
522,-0.51659185,-0.53138214
523,3.9344246,0.25339645
524,4.3011823,-3.19735
525,-1.897211,-1.3620632
526,-4.491675,-4.713257
527,2.908599,1.8052455
528,0.8983851,2.923822
529,-0.98125315,-0.6964324
530,0.3506377,3.9583561
531,-2.2725122,1.8699819
532,-0.17254758,4.464602
533,-4.2407436,-4.6920333
534,3.3077683,-3.98854
535,4.246322,-0.29462776
536,-5.0638747,4.653355
537,-0.38116962,0.79420865
538,4.401442,3.663978
539,1.4064828,2.0838022
540,0.58941764,-4.5510044
541,-3.7159956,0.1131473
542,-3.1304579,3.4483144
543,4.4750547,-0.10070594
544,1.0608538,-1.5892953
545,-4.2445703,-0.6575177
546,1.9288172,1.1467347
547,-4.086104,4.1882796
548,-0.41842934,3.3016913
549,-0.83615774,3.7276018
550,4.3231673,-0.6283221
551,-2.891276,-1.4882269
552,-3.2035646,-0.10899228
553,-5.030638,-3.6663184
554,-0.6730135,3.221597
555,1.1294429,-1.612465
556,0.3690531,4.8257732
557,0.62585735,-3.3289702
558,0.010376124,-4.886581
559,4.5078006,4.2208524
560,-0.2558307,-4.577948
561,-3.4019856,-4.119435
562,-2.7800798,-2.623688
563,-4.0624685,3.2493503
564,-0.046681333,-4.227312
565,-2.4839427,-1.4654886
566,4.8132997,0.030605907
567,-4.492163,5.249388
568,3.681015,4.087355
569,0.41110864,-3.9385016
570,1.0994544,4.416837
571,0.053463373,3.6922486
572,3.7143855,-3.7027276
573,-3.8498204,0.26312423
574,3.817282,-4.3410945
575,-3.292726,-3.0549083
576,2.4057243,1.3843795
577,-3.647312,-3.9372327
578,3.638431,3.576931
579,4.2495675,0.7529489
580,-3.9406154,-3.9544494
581,0.60178924,3.6700234
582,-2.3621116,-2.8046598
583,-0.53430796,-0.8194602
584,-4.8204074,-4.0578146
585,0.64526254,3.9987743
586,3.8873765,3.9250352
587,4.043345,3.2301662
588,-4.5476804,-4.7238245
589,-4.940032,5.00837
590,3.6358068,0.51403314
591,-3.6877959,-4.7935905
592,-3.4279704,-4.6674128
593,4.8770113,-0.66764134
594,-2.7492113,2.7221448
595,-1.1264824,-2.7314231
596,1.9922118,-1.4112943
597,-3.2843554,0.37157097
598,-2.4457178,-1.5185003
599,0.21232824,3.7087643
600,-3.422364,0.321555
601,-0.07413857,0.6547432
602,-0.08840976,4.2688813
603,-2.512995,-1.4839021
604,-3.201805,1.0550606
605,-2.760272,1.3285238
606,-2.4271448,1.6064174
607,0.40787902,3.8222892
608,-1.52988,-2.387558
609,3.8495166,4.3825836
610,2.1844444,-2.792628
611,2.2576303,-1.572089
612,1.921098,-2.112973
613,0.11773351,0.0018015621
614,0.22152242,0.15961275
615,-2.368571,-2.0546682
616,-2.4360974,2.913189
617,1.9827218,1.8897127
618,-4.3305473,-0.44240606
619,4.139466,-3.2628562
620,0.69313794,-0.86988294
621,-1.8270792,-2.5549483
622,5.2545223,-0.94656086
623,-4.950089,1.2056493
624,1.4362986,1.2797394
625,1.8754338,2.1370857
626,-0.5142543,-3.6468859
627,-0.6605948,3.6446042
628,4.7638855,0.05265326
629,2.9272406,-2.8934593
630,4.4362774,-1.1505721
631,4.209833,-3.2084641
632,-1.6509217,1.6142241
633,-4.429889,0.49457452
634,0.9939563,1.425283
635,-0.106750764,-4.3221226
636,-4.2967863,-3.3887858
637,-1.0008837,0.8335228
638,1.6439942,-1.092622
639,-4.077999,-3.7342026
640,-3.9266615,-4.076069
641,-0.6075658,3.5898113
642,-1.6204754,1.4057986
643,0.9388949,-0.76588655
644,1.2233105,2.381951
645,-0.04777713,-3.2906582
646,-0.72324145,4.327346
647,-0.43200308,3.7704282
648,-2.8627255,-2.562632
649,2.4723437,1.8871948
650,-2.304148,-1.6049569
651,2.3415275,1.574601
652,4.2059712,0.8330265
653,2.9160953,3.6013253
654,3.0162466,-4.5307045
655,1.2185599,-2.4617977
656,-1.1705338,1.2340902
657,2.3175385,1.5837879
658,4.4767227,-0.41468608
659,-1.5563757,2.3786647
660,3.832166,0.7576639
661,0.7139571,0.6935971
662,-2.344097,-2.3206499
663,0.19895923,0.607281
664,3.1642241,0.6242318
665,-1.8532242,1.6866655
666,-0.6771696,-3.8975337
667,0.10061214,-3.0140004
668,-1.6886791,1.7637028
669,-0.38789582,3.4105313
670,-4.825632,-3.9017375
671,2.5448747,-1.9635761
672,-3.2208843,-0.98464525
673,-1.5181621,-2.7774322
674,4.6475368,5.2181587
675,0.63029265,0.24656995
676,-3.8955526,-0.6674887
677,-1.206651,-1.7631029
678,0.47795823,-0.7758361
679,-1.3506637,1.9520911
680,-3.7718444,-3.102935
681,-2.0765362,-1.5875264
682,4.888278,3.259455
683,4.8433375,-0.05643434
684,-4.340746,-3.4031453
685,-3.2290032,4.4376426
686,-2.8675709,2.9783309
687,3.5044243,4.329948
688,-2.5316663,1.0887458
689,-2.7709694,-3.3312266
690,2.944061,2.695987
691,-4.708765,-3.1439953
692,1.1561767,2.3515434
693,0.39853907,-4.129287
694,1.9699696,-1.6355212
695,0.97860444,0.4066259
696,-0.9386609,-2.7219908
697,-4.6498003,4.1278152
698,-3.4716332,4.403321
699,3.895741,0.91681874
700,2.651847,2.594559
701,3.3447118,-0.90235174
702,-2.4660609,1.9511843
703,4.8563566,4.5963326
704,-2.8503144,-1.9513113
705,-2.9560266,4.5716467
706,2.9782565,-3.065827
707,3.923034,-0.2738495
708,-3.4764328,-3.883737
709,-0.5306439,-3.3952088
710,-3.5561154,-3.5605967
711,-3.2915618,-0.87819827
712,-4.8134503,4.612246
713,-3.5718937,4.440121
714,0.4242578,-3.5656273
715,-2.4796174,-1.6888194
716,-0.9559121,0.2292776
717,-2.2306082,1.7359167
718,0.7363888,3.7665074
719,3.9842453,0.49253473
720,0.69265544,-0.8076004
721,-4.389298,-0.50838697
722,-1.47724,-1.6421703
723,0.47523496,-3.9186954
724,2.4594958,-1.7744474
725,0.060904335,-4.732749
726,2.4401734,-1.3681345
727,1.5461507,-1.6626465
728,1.2339046,-2.4023025
729,0.13229094,0.074059315
730,0.29962108,-0.046479385
731,5.2756214,4.7474966
732,-0.47147408,4.1595697
733,-4.200535,4.082647
734,3.4097357,3.7251313
735,2.2892363,1.6875505
736,-2.7679436,1.722858
737,4.4642997,4.0525956
738,-1.110429,-3.729427
739,-4.509033,0.9047988
740,-0.32938114,0.3194888
741,2.721212,1.5293064
742,-2.4592204,1.1554502
743,-4.0080447,1.0574989
744,-1.0106313,2.9983013
745,-4.62898,-4.3253555
746,-1.405937,2.5795772
747,0.07539909,0.05289469
748,-3.327007,-4.585475
749,5.1098256,-3.9621668
750,2.8811333,2.6730156
751,-1.2063216,-2.1609604
752,-1.4894683,-1.707382
753,2.9210546,2.6602995
754,4.5820837,-3.806701
755,-4.859077,-4.5689135
756,-4.140436,0.6654621
757,-2.3552978,-1.2565862
758,0.33433396,-0.5125099
759,-3.2890477,0.030188186
760,-0.169875,3.3928576
761,-3.0910418,4.839109
762,2.5583267,2.6844034
763,-2.0645788,1.8285623
764,-0.15812097,4.613333
765,-2.0757382,1.5990485
766,-2.9462018,2.1323063
767,4.6679053,0.13858388
768,-3.127087,-3.2910364
769,-0.3007171,-4.615482
770,1.6207362,2.783646
771,-1.6590596,-1.6888857
772,-3.0590832,-0.90453255
773,-1.3331983,2.3565755
774,1.4694431,1.4233685
775,0.13670743,5.072743
776,4.448806,0.5508545
777,3.6631958,0.5137483
778,-2.902966,3.090287
779,-4.3464923,-0.13013248
780,0.6058253,4.25944
781,-1.3786792,1.5335542
782,0.5046543,0.8841704
783,0.5933026,-4.789881
784,5.00309,0.89134806
785,-3.7965295,-3.2439084
786,3.4842339,-4.1548886
787,-1.6967946,-2.6537983
788,-2.6683068,2.228226
789,2.3275125,-1.1468173
790,1.6308779,2.5818408
791,1.1426672,-2.7497556
792,-0.1862706,-3.728188
793,-4.423071,-4.2502804
794,-2.5452194,-2.8768778
795,0.37391564,-0.22206877
796,-1.5128733,-2.0864987
797,-4.6851177,-3.1629455
798,-4.296407,4.0684834
799,-3.3644712,-3.3813996
800,-3.4955776,3.7945514
801,-3.4512231,-3.4667118
802,-3.975032,4.130911
803,3.5688438,4.4085793
804,-0.9433316,-4.345805
805,-2.01553,-1.4976565
806,-4.479203,-0.948716
807,2.2493634,1.7606009
808,-0.06857726,0.45023817
809,0.9093995,-3.3040805
810,-3.1962373,-4.2631745
811,2.3392687,2.6306226
812,1.396081,1.5411772
813,3.1365836,-4.2105107
814,2.9736674,2.754161
815,3.8601778,-0.3418068
816,-0.44919825,-4.1366796
817,4.481324,-0.44468138
818,4.8023863,3.811548
819,3.5444613,0.99721885
820,-4.6368637,-3.5687795
821,-3.237714,-3.0023155
822,3.9635317,3.7050228
823,-4.682853,-3.4971056
824,-4.3117,4.2297153
825,-3.0321355,-4.310159
826,-0.35224015,-1.0519167
827,-3.2665749,4.1184807
828,1.2291961,-1.2277337
829,2.927019,-2.115872
830,-2.1777706,-1.0870969
831,2.6531208,2.690504
832,-3.340662,4.0858355
833,-3.4104338,5.029801
834,4.3787413,-5.049188
835,0.60293174,0.622414
836,4.225523,3.660175
837,0.14180852,3.6659677
838,-3.690176,-4.8403277
839,2.9308336,3.3142
840,-3.3819242,0.13610497
841,-2.2308486,1.5557745
842,-3.6787271,3.023016
843,4.186209,-4.2690797
844,0.173723,-4.3093524
845,3.8348303,-4.780171
846,-4.133892,0.30494565
847,4.755306,-3.9272654
848,-3.7030406,3.0599782
849,-2.6041946,2.6396663
850,-2.7880242,-1.8842299
851,3.1086411,1.5625744
852,4.2768917,-4.794999
853,2.0281672,1.1384201
854,4.7788973,-0.64950615
855,-3.6992989,3.0428154
856,4.4319544,4.819231
857,-2.226457,1.1275911
858,2.2221067,-1.229044
859,-2.7835584,-2.6239662
860,1.5360405,-2.4827094
861,-3.290373,-4.5224814
862,-2.731011,-1.6822405
863,-0.24631242,-4.902261
864,3.2432253,4.334707
865,1.7807478,2.6274548
866,0.37266222,4.6299105
867,1.1086271,0.14093286
868,-4.403694,-4.146061
869,-0.59716797,3.3557563
870,-4.0991397,4.2562776
871,-2.2994044,2.4212148
872,-0.10573506,-4.5480113
873,3.476624,-4.0260983
874,4.5380826,0.7374026
875,-4.262555,-3.5835664
876,-2.8014581,-2.8431914
877,-3.8833327,-0.83383507
878,0.9631067,3.9707642
879,-1.0018394,-2.6027522
880,4.4511566,3.1839254
881,4.209923,0.0045242696
882,3.5361621,4.0848536
883,-0.7768075,-3.4761038
884,4.716585,3.4012306
885,-4.1120014,0.05104657
886,-1.78876,-2.4850426
887,2.4968326,-1.0903375
888,2.4643304,1.540393
889,-0.6893586,-3.0219567
890,-3.4689085,3.7009192
891,3.8638306,3.6809418
892,0.9169551,4.189879
893,-5.030786,-3.5054853
894,4.75152,0.47544232
895,0.053661745,0.72216564
896,3.3191597,-4.866284
897,-2.3472784,1.0149462
898,0.7648141,-2.9713616
899,3.3235388,-3.477431
900,4.697673,0.26069012
901,1.1285498,-1.6570647
902,-0.5791439,-3.699347
903,-4.880044,-0.16204338
904,4.9770155,-0.036883768
905,0.15762007,-3.03193
906,3.1139152,-0.33903882
907,0.8250116,3.1116126
908,-3.6817112,4.76386
909,2.9813955,-1.5257982
910,-4.768789,0.038624402
911,-0.16673979,-4.0191727
912,4.211477,-4.7877383
913,-0.4022036,-0.94562787
914,0.3928342,4.0240736
915,0.66865003,4.834693
916,2.4040933,2.6922462
917,-1.0873666,-2.1356735
918,3.4873943,-4.6729345
919,3.014776,3.8691044
920,5.0647826,0.15094852
921,-1.477527,-2.2041717
922,-3.4058852,4.6587205
923,-4.3074756,-3.1252823
924,-3.1140053,0.13782367
925,1.8731468,2.6336505
926,3.0256083,0.8012288
927,-4.1749682,-2.9664817
928,-4.1474996,-3.8006434
929,-4.0101805,0.9075216
930,-1.9627464,1.8715435
931,-4.0707235,0.0017503299
932,-3.6276515,4.664009
933,0.54794186,1.0057913
934,3.852231,4.393223
935,3.6436446,-0.6866871
936,2.499744,-1.9485898
937,-3.0081515,3.4486074
938,-3.894367,-3.2581599
939,-4.265285,-0.34138113
940,-2.810358,-2.8412066
941,-4.0180144,-4.159299
942,-3.8366656,0.71679467
943,-1.704344,1.3905116
944,3.0004234,-1.4758097
945,4.329045,-3.1353068
946,2.0779798,-2.5523877
947,-4.40861,0.69715935
948,2.937627,-2.5500643
949,4.2309294,0.37949973
950,3.3840854,-0.7014487
951,-0.4457896,3.4518385
952,0.9329396,-2.806212
953,-0.47623625,-4.7513323
954,-0.30300742,-4.6521707
955,3.3265214,-3.1925204
956,-2.90428,-2.0309205
957,-3.9945452,4.8713903
958,-0.6812882,-3.3962362
959,4.636515,3.3412547
960,-4.0121045,1.0802052
961,0.08679297,-5.005161
962,3.6937363,-3.0132158
963,4.5782166,3.9161892
964,-3.7261815,4.283098
965,1.2976158,1.5966376
966,-2.708172,-1.269537
967,1.0560199,1.9830849
968,2.9552195,-3.8637516
969,3.7313988,0.859323
970,1.5498639,2.515938
971,2.372504,1.9826083
972,4.0168147,-0.4367285
973,4.479079,3.749268
974,2.63564,-1.8490448
975,-2.1260433,-1.6783015
976,0.0282704,0.008512979
977,-0.23050918,-3.1896098
978,0.6168494,-3.548856
979,-0.24514821,3.5444984
980,1.6906823,2.293593
981,2.9168065,2.8239527
982,2.562857,2.1259632
983,2.3085682,2.3493118
984,4.6661468,-3.3632815
985,4.3982844,3.1376245
986,-0.8990762,4.4347997
987,-3.7980075,-0.6555314
988,4.4776425,0.12395807
989,0.37110105,3.3504248
990,0.50085604,3.7603776
991,1.0390126,-1.0310776
992,1.0191118,4.9015217
993,3.8075123,0.48106468
994,0.65173084,-0.09400113
995,0.27654645,-3.205127
996,-2.9521797,4.599284
997,0.2697557,4.8725667
998,-1.4227943,-1.34556
999,3.3822534,3.610646
1000,-0.41359124,3.594067
1001,-1.1639866,1.6911995
1002,-4.3397017,0.00653293
1003,3.6253705,-0.575538
1004,-3.29424,-3.5409646
1005,1.5822517,-2.2390413
1006,-1.9817171,-1.2219588
1007,-0.86675686,0.2356238
1008,3.283031,-3.140522
1009,-4.3264375,-4.1350775
1010,3.5660274,4.556987
1011,-4.5673394,-0.008876071
1012,1.6648065,-2.9455311
1013,-3.5449712,-3.6430805
1014,3.807471,4.4117517
1015,1.8423687,1.4698733
1016,-2.6898258,-1.5006735
1017,-2.8574145,3.0613534
1018,0.19154795,-0.44923496
1019,-2.103304,2.9710836
1020,-0.92715585,-0.33123043
1021,-0.2990824,3.5962389
1022,3.7671447,4.0197854
1023,3.427991,3.9052596
1024,-0.008706011,-3.2617214
1025,-4.8161483,-4.096691
1026,2.147825,3.002152
1027,0.32814366,0.5224321
1028,2.8311262,2.7133973
1029,2.9510128,-2.3054636
1030,-4.2784495,-5.032572
1031,-1.0228263,-4.054241
1032,-4.507936,3.9815803
1033,-4.417974,4.576145
1034,0.9082739,3.3015542
1035,-4.5583234,3.809157
1036,2.5738802,-1.3762407
1037,-1.2354674,-1.2769129
1038,-3.553972,-3.1926594
1039,-2.276362,-2.466883
1040,-4.828375,0.10797183
1041,0.607321,3.7877095
1042,4.633888,3.4518464
1043,-1.4152626,-1.2491807
1044,-3.9874334,-0.67892224
1045,1.3105522,2.7572775
1046,-4.928205,-3.3674722
1047,3.956145,-4.5210314
1048,2.4816933,1.3944985
1049,-0.9844778,1.9878217
1050,-2.74244,-1.2209117
1051,-2.3055625,0.97221404
1052,-3.723844,-0.020842902
1053,-4.6607776,-3.9188237
1054,-0.32582164,4.9719067
1055,-1.6735268,-1.591947
1056,4.3951015,3.240482
1057,3.4544632,-0.241658
1058,3.6644132,-3.3505843
1059,-3.8254843,0.31507987
1060,3.0522318,-4.667712
1061,-1.6096531,-1.3167188
1062,-4.855132,-3.3039389
1063,3.2134285,-4.187262
1064,3.9492176,-4.135321
1065,1.9597403,-2.1545668
1066,-1.6579223,2.01616
1067,-1.3797745,-1.5044122
1068,2.005251,-2.4452882
1069,3.7460732,-3.5367198
1070,-3.3368714,3.0868263
1071,3.72731,-3.7615104
1072,-0.8767892,4.3286333
1073,5.0102386,-0.5291629
1074,-3.587799,-3.1886618
1075,-1.4873549,2.4868886
1076,0.0074134152,-3.5105424
1077,-3.534406,3.2217298
1078,-3.04166,4.5042725
1079,4.6985326,-0.33375123
1080,-0.66638273,4.0204325
1081,0.8724117,4.157304
1082,4.115454,3.9373665
1083,-0.53695095,4.3174734
1084,0.9997188,-2.106666
1085,-2.872544,1.3245353
1086,4.189509,4.088747
1087,4.0479703,0.8533385
1088,0.9553661,-2.0485713
1089,-3.6092253,3.7870939
1090,-3.9206953,3.6899252
1091,-2.864103,1.424744
1092,-1.5575684,2.5934646
1093,-0.9778731,-3.9180584
1094,2.0439954,2.334663
1095,2.808404,-2.851002
1096,-4.1246004,0.19631024
1097,4.1549883,4.973131
1098,4.33333,4.0799913
1099,-3.9124095,-0.40418786
1100,3.477493,3.1938937
1101,3.5121744,5.0366483
1102,1.770318,-1.922874
1103,3.1514218,0.14162226
1104,-1.9709353,-1.8324136
1105,-0.13953367,3.4184551
1106,-0.36912397,-0.12298814
1107,3.6383905,3.7622795
1108,5.130977,0.09426397
1109,3.4761765,0.434183
1110,-3.4749494,-0.87758136
1111,-3.403996,-4.0870214
1112,-4.120188,-3.7083848
1113,-4.8307166,0.53367645
1114,-3.9591682,3.329574
1115,1.2347915,-2.387031
1116,2.6668181,1.7077295
1117,1.5421658,-2.8717947
1118,-4.094704,-4.0377507
1119,-4.005301,4.6154637
1120,3.3648381,-0.40642473
1121,-4.7486515,4.1134996
1122,-3.9746125,3.5326846
1123,0.35490733,3.2813165
1124,-0.86314005,-0.9821299
1125,-0.3172632,4.424816
1126,-0.5829376,4.250952
1127,3.6364813,-5.0411825
1128,-4.994037,-4.19403
1129,2.787567,-2.701358
1130,1.6385946,-1.6201456
1131,-2.621006,-2.0738432
1132,0.21462016,-3.5950625
1133,-3.547901,4.5257196
1134,3.9969983,4.3038626
1135,3.462663,-0.037321538
1136,-3.562833,0.50867426
1137,0.4991366,-4.130765
1138,3.7899833,-0.5330187
1139,-4.391008,-3.567347
1140,3.4975848,-3.8187578
1141,2.1857748,0.9591874
1142,3.6720111,0.8109183
1143,-4.976699,-3.5297785
1144,3.7968278,3.9129617
1145,-4.0825815,-4.411553
1146,-1.3203318,-1.2095591
1147,4.372616,0.8629028
1148,0.7400573,-4.4558606
1149,3.783247,-0.31313106
1150,0.5238438,0.8535279
1151,-1.0630502,2.079032
1152,-2.3060277,2.0212495
1153,-4.6447334,3.04967
1154,3.9126322,-0.53412855
1155,-3.729606,4.181342
1156,-0.9910663,-2.4093907
1157,-0.056385167,-0.7152041
1158,-1.6438794,-2.121969
1159,0.82937586,-3.4452617
1160,-1.3793142,1.8854373
1161,0.53115,0.5311734
1162,0.101913616,-3.3214405
1163,4.602708,-3.937522
1164,-3.2853398,3.474533
1165,-1.1377375,-0.72159773
1166,3.8815253,-0.10223786
1167,3.3041112,-4.7926025
1168,-5.184236,0.97365004
1169,-2.343262,-1.7279686
1170,2.6889427,-2.4837859
1171,-2.287849,-1.8043995
1172,-4.576221,-0.527528
1173,0.7488058,-3.3663976
1174,-2.3175347,2.8447819
1175,4.3158875,4.2868
1176,-0.6407202,-4.645011
1177,-2.0828831,1.0908225
1178,-0.84243745,-4.800785
1179,-4.8758125,3.231733
1180,-4.4454126,4.564572
1181,0.07623795,-0.8953796
1182,0.9310822,0.4830616
1183,3.7013273,3.6855636
1184,-0.4518795,-4.373674
1185,-3.4394433,4.431368
1186,3.4737675,-0.6286147
1187,3.1874354,0.6357307
1188,1.467546,1.1255045
1189,-3.0139606,-1.8053466
1190,-3.6758707,-4.502832
1191,-1.166023,1.9274881
1192,1.0749921,-2.5908742
1193,-0.9948731,-0.47962674
1194,0.24220312,3.0443313
1195,1.0728754,-1.431896
1196,-4.0322127,-0.29600132
1197,4.240696,-3.6802578
1198,0.9703338,1.6482453
1199,0.3631006,-0.989112
1200,1.8832725,1.4919574
1201,3.6731849,-4.3092537
1202,2.3907695,2.696151
1203,-1.0144013,2.2318988
1204,-4.6232677,4.3881135
1205,-4.2071905,0.05126863
1206,-1.2293308,1.8352083
1207,0.6128735,0.087689735
1208,-3.77553,-0.24346475
1209,-0.66284794,4.8897424
1210,5.079862,-0.59990835
1211,3.885308,0.14773767
1212,-0.5131751,-4.196268
1213,2.7800918,2.1535351
1214,-3.1794631,3.0398307
1215,0.540282,-3.3071518
1216,-4.7660813,-3.9774935
1217,0.011795787,-3.574732
1218,-1.2993944,-2.8013468
1219,-4.1392946,-4.26589
1220,-3.993796,-0.6731483
1221,4.3446608,4.8443265
1222,2.0127382,-2.9377763
1223,-0.8481251,-0.99599326
1224,2.3844066,2.0020385
1225,2.2342782,2.9520128
1226,-4.483395,3.154271
1227,-2.4440885,-1.6342231
1228,2.5294378,1.2085767
1229,-3.8489087,-0.54073906
1230,3.9783113,3.738424
1231,-1.2180645,2.6285677
1232,-3.8025765,0.8249358
1233,-2.6016736,-1.8519753
1234,-3.3044581,-0.5191017
1235,-0.43859228,3.103223
1236,-3.877995,4.674773
1237,0.34499186,3.504976
1238,-4.083317,-0.6561856
1239,-0.7311418,-3.3150835
1240,0.3178423,-3.9508348
1241,2.4161503,2.4250984
1242,3.7631598,-4.1869526
1243,-3.0310802,1.6556536
1244,-3.4444034,-3.4855814
1245,-2.1598613,-1.715483
1246,4.722386,-1.0627145
1247,-1.1464483,0.99694866
1248,-4.1813097,3.3573751
1249,3.496846,4.203769
1250,1.3284506,-1.6510205
1251,-4.214056,0.70282555
1252,3.3087678,1.080796
1253,5.082313,-3.71362
1254,2.544345,2.7077081
1255,1.6692741,2.6199918
1256,0.049111623,0.858951
1257,1.2088784,-1.2771919
1258,-1.0377533,-1.8110255
1259,-3.3342319,3.6451247
1260,0.8687791,0.4391982
1261,-2.4578004,-1.1962496
1262,3.4351504,4.6755915
1263,1.0176909,-4.3998046
1264,-0.46473175,-3.9483106
1265,0.66777295,0.8573894
1266,1.5455208,-1.276042
1267,-2.5940144,1.9001298
1268,0.3830508,-0.73935735
1269,-3.9684758,0.10182063
1270,0.4713468,4.1970077
1271,0.75769913,-0.20061557
1272,-3.5544076,-3.4737554
1273,0.34845108,-0.041281432
1274,-3.0714288,-0.1672098
1275,3.0098126,-2.3522165
1276,3.7721303,3.9606357
1277,-0.36194846,-4.5837855
1278,5.0374966,-4.950549
1279,0.35773066,-3.4452395
1280,-4.5238357,3.6139581
1281,-0.48908386,3.2492523
1282,-3.7526402,3.8353748
1283,-0.16580552,-0.11707398
1284,-3.340068,-0.10655598
1285,-2.2860062,-2.376103
1286,-4.131699,4.0363717
1287,2.0318727,-2.6036048
1288,-3.5759292,3.1832676
1289,-1.8781843,1.2043
1290,-3.7732434,4.285968
1291,1.6615156,-1.9113089
1292,-1.8814987,-1.6311628
1293,0.2179089,-3.5018554
1294,1.6797096,-2.0466902
1295,2.3362503,-2.168482
1296,-1.5120245,2.7743046
1297,-3.0550392,-4.945292
1298,2.699483,-1.7921396
1299,0.5448024,4.3722677
1300,-4.158106,3.4863846
1301,-0.06458757,-0.77599734
1302,-0.3237627,0.05110749
1303,-4.679579,-0.040840182
1304,-1.528043,-1.0921427
1305,3.8026469,0.5280971
1306,-1.5104009,-1.2432027
1307,0.46973756,0.8206389
1308,3.0507717,-2.2957115
1309,1.0886581,-2.518581
1310,-2.4710853,-1.405458
1311,-1.1388394,-4.407529
1312,2.309073,-1.6970187
1313,-2.0365229,2.2581427
1314,2.899713,1.5070841
1315,2.147576,-3.0127852
1316,-1.130005,-2.0676215
1317,0.014011372,4.0428724
1318,1.6780432,2.6537275
1319,-3.344105,-4.0721736
1320,4.023901,-4.4644265
1321,-3.8760073,-0.86869997
1322,0.71308976,-4.219289
1323,2.2715623,3.0197709
1324,2.8004317,-4.570246
1325,4.6463137,-0.16262096
1326,-0.2706844,3.3785844
1327,-0.19969289,-3.9514632
1328,-0.12654188,0.38376746
1329,4.615291,4.729309
1330,0.8357442,4.16403
1331,4.315826,-4.504544
1332,-3.938516,-0.26388317
1333,1.1409756,-0.7468833
1334,-2.0708547,1.1207504
1335,4.305579,3.9036126
1336,-1.6216707,2.5466413
1337,-1.6044173,-2.5207388
1338,-2.7134056,1.3611199
1339,4.435448,-4.966669
1340,0.30358982,0.8767082
1341,3.3053577,3.4710474
1342,-3.0167994,-3.4871392
1343,4.1818013,4.123175
1344,-4.2330174,-0.99696106
1345,3.6833606,4.6074195
1346,-4.525709,3.233713
1347,-0.64417845,-3.5856245
1348,4.381206,3.9426355
1349,2.682446,2.443354
1350,2.499768,2.2860658
1351,-0.016898163,4.412757
1352,4.530615,-0.27812716
1353,-1.2575028,-1.933116
1354,4.0635858,0.45537966
1355,-0.3510014,4.0791097
1356,-1.6311429,-1.399246
1357,-0.46468064,0.05720976
1358,4.904721,0.8904184
1359,4.2107472,0.65765995
1360,3.8569522,-4.7146897
1361,-2.7780817,0.53422594
1362,4.309016,0.4702702
1363,1.5331843,-2.5059357
1364,2.4357445,1.2433977
1365,5.3034225,-5.159165
1366,-4.6715336,-0.7160839
1367,3.9265256,-0.4700065
1368,-0.15819041,-0.75437146
1369,3.9513927,3.8889906
1370,3.7007284,3.1042159
1371,4.1912026,0.42829302
1372,4.185094,3.9217978
1373,-1.8107443,2.5050073
1374,3.6584108,0.36792025
1375,-0.4824114,4.7737513
1376,2.1663542,-1.8662164
1377,1.4005102,-1.9957029
1378,4.343506,3.344129
1379,4.695977,-0.3971962
1380,-2.8042948,3.0544465
1381,-4.1215525,4.5584574
1382,0.01846259,-4.353147
1383,-1.3075745,1.6851501
1384,3.9276013,4.418315
1385,4.1871624,0.62678933
1386,3.130338,-3.7735362
1387,1.6621186,-2.360599
1388,-3.9913323,0.37912017
1389,0.61711884,-0.3352466
1390,3.864136,-4.4977703
1391,-0.7094391,-0.76378834
1392,4.1992307,-4.8270736
1393,1.3963984,-1.8677043
1394,0.296578,-4.8242674
1395,1.1149287,-1.3152958
1396,-2.0574389,2.2296405
1397,-3.970478,4.6368203
1398,-2.7697744,2.5780885
1399,4.1701193,-0.27675694
1400,-1.9958416,-2.3413217
1401,-3.1918116,4.4174843
1402,-5.017316,3.5749652
1403,-1.216978,2.83093
1404,3.833436,4.6839247
1405,-4.246894,3.240451
1406,-1.4574283,2.1627178
1407,-0.78141123,0.4656487
1408,-3.3009791,-0.58611715
1409,-3.5665479,-0.28572175
1410,0.7897102,-3.539664
1411,-2.221186,1.1963966
1412,-1.0370644,-2.3644767
1413,-2.7673237,2.1960602
1414,-1.34717,-1.7450362
1415,-3.3362877,3.2851274
1416,0.033864748,-0.32942328
1417,-0.49002415,0.9615973
1418,-4.372733,-0.52117693
1419,-4.284838,0.3105357
1420,2.683553,-1.1150501
1421,0.56835806,3.9412534
1422,0.41577476,0.67998785
1423,-2.499189,-2.5220306
1424,0.59458506,3.9518595
1425,3.6881025,-3.6932516
1426,-3.1967397,-0.45879096
1427,1.537731,-1.2766789
1428,-3.9997363,0.2711934
1429,3.774599,-0.42826432
1430,-3.4286482,0.72635883
1431,-2.9158082,2.2958074
1432,-3.2892249,-0.6480443
1433,4.747207,0.6922647
1434,-1.3021951,-2.9015715
1435,3.7910786,-0.33529884
1436,4.6429057,-4.3744936
1437,-1.7902983,-2.1195807
1438,3.996924,3.7728333
1439,-3.3912938,4.1783214
1440,0.90711254,-0.056337703
1441,-0.96622634,-3.1964848
1442,-4.2550964,-5.021659
1443,-1.8834771,2.6882217
1444,2.3449717,2.1535685
1445,0.90538627,-2.8801591
1446,1.8587952,2.6064053
1447,3.694065,-4.08595
1448,-0.7221849,-0.9248474
1449,-4.892005,-3.5042872
1450,-2.730005,1.2014052
1451,-4.192611,0.7903946
1452,-3.6655684,-3.7064915
1453,0.08842227,3.2421377
1454,3.8752391,-0.33183113
1455,-3.175925,0.5593013
1456,0.70819545,-4.2805414
1457,-3.8623462,3.8919928
1458,4.12151,-0.5329945
1459,4.345462,4.028114
1460,4.1607404,-3.191116
1461,3.2737,3.2069178
1462,-3.4378831,-3.288124
1463,-0.69370997,4.622839
1464,4.2828503,-4.309113
1465,3.4995646,-0.4276685
1466,-3.3353841,-4.3253
1467,2.4598107,-2.6522336
1468,2.4099693,2.413872
1469,2.6214793,-2.569169
1470,-1.0723604,-1.4176944
1471,-3.1973686,-3.3722274
1472,-0.13345748,0.1017364
1473,-3.2685547,-3.2620454
1474,-4.9514775,-0.5340595
1475,0.22413187,0.32628602
1476,1.642317,2.2329924
1477,-4.20434,3.6467352
1478,-5.0016036,-4.2294765
1479,1.9928201,2.4064913
1480,4.303005,4.889824
1481,4.995238,4.156234
1482,2.5383842,2.2308803
1483,3.0320928,3.2906115
1484,-4.0340614,4.205918
1485,0.17153257,-0.9362649
1486,0.04068999,-4.375441
1487,-1.9503539,1.4543108
1488,-3.7848613,4.1045513
1489,3.767433,0.68492424
1490,-0.63488245,-3.1456993
1491,4.3172383,-0.61406535
1492,1.6316928,-2.5001252
1493,-4.812665,0.40064055
1494,-0.1985954,3.1026824
1495,0.040123124,-3.6489427
1496,4.2616816,2.8686042
1497,-4.7738843,4.36485
1498,-4.921264,-4.513449
1499,-3.0083609,0.97292763
1500,2.07488,1.2482322
1501,-3.1265738,4.960382
1502,2.708093,-2.094396
1503,-4.174738,3.911078
1504,-1.8610812,2.0313826
1505,-4.8611755,3.5280101
1506,-3.971838,3.181668
1507,2.5270853,-2.8274977
1508,0.18474098,-3.1339767
1509,0.40922958,4.9275045
1510,-1.2671648,-1.1019353
1511,-2.8486729,-2.3699872
1512,-3.508897,3.811164
1513,-2.5146928,1.5185857
1514,-4.770823,3.8542953
1515,3.6267734,-0.2740065
1516,4.5917335,-0.8695708
1517,3.9012098,4.6976233
1518,-1.8081837,2.5988612
1519,-0.84178334,0.26157576
1520,3.4481711,0.42771122
1521,2.7844415,-1.8119113
1522,4.1714683,-0.6287682
1523,5.0346174,-4.42796
1524,2.1735723,-1.7159058
1525,-4.9620895,-4.1916146
1526,3.1020253,3.4757674
1527,2.2117867,2.7900712
1528,1.3663442,-2.4395685
1529,-0.9915111,-2.7459347
1530,0.21956895,4.246404
1531,-3.0864608,2.5604284
1532,2.472479,2.7382462
1533,3.934349,-4.483912
1534,4.7750707,0.59547275
1535,4.758226,3.0947645
1536,-3.1473517,0.18016781
1537,4.1641674,-3.6819816
1538,-3.8109906,4.6098976
1539,0.6436926,4.2916417
1540,-2.6676583,1.5203712
1541,0.6694315,-0.7643594
1542,2.5320492,2.5132077
1543,-0.66944,0.2980409
1544,3.6372352,-3.1797895
1545,0.33664587,3.7957866
1546,4.321297,-0.21412186
1547,-1.3760793,2.123465
1548,0.57708585,4.7322035
1549,-4.2414856,0.9308971
1550,4.8552313,0.032965023
1551,4.257168,0.6310623
1552,-3.830656,2.9930718
1553,0.30214447,-0.22807656
1554,-2.0132248,-2.4120293
1555,-0.2541652,-0.3805568
1556,-3.2532701,4.008238
1557,4.174832,-4.1215334
1558,2.0113695,2.8977795
1559,-0.6383774,0.2994328
1560,3.362983,-0.9145286
1561,-4.6688356,-3.0773945
1562,-2.2125602,2.189852
1563,1.0275737,-2.1770036
1564,-3.800828,-0.40115124
1565,-0.46309444,-3.975229
1566,4.1904607,3.2292414
1567,-2.0687757,1.9606916
1568,2.4634886,1.7132791
1569,4.1031857,0.31621364
1570,0.5438505,0.54780704
1571,0.33250678,0.22819595
1572,-4.7284155,-4.0825443
1573,-1.0740304,1.1490744
1574,0.22350901,3.5833852
1575,1.5896127,1.818845
1576,3.9255772,3.330607
1577,1.1836066,-0.9719462
1578,4.948544,-0.0037535045
1579,-4.065163,-0.3857436
1580,-3.8088403,3.9080093
1581,5.06706,-4.9968767
1582,-2.1442533,-2.5677114
1583,-0.02954052,4.194275
1584,3.0255067,0.39942995
1585,-3.4518046,-3.382932
1586,-1.2205566,-1.6583984
1587,0.1856984,-0.93546736
1588,-3.0199811,3.5762713
1589,-1.4563682,-2.3387308
1590,4.1786723,0.22556415
1591,3.4777899,-4.775793
1592,-4.6145926,0.94785964
1593,3.635386,3.8929222
1594,0.39648217,0.050875872
1595,-4.850461,3.6413875
1596,3.6179776,-0.71379054
1597,2.0025072,-1.8298881
1598,-1.2495638,2.8315742
1599,3.4451408,3.1974359
1600,-3.1941113,-3.560536
1601,0.7907647,3.627299
1602,0.02494505,-4.3911858
1603,0.67006165,3.124558
1604,0.37638986,-3.1772165
1605,-0.5862884,4.0932684
1606,2.796651,1.226339
1607,2.9811294,-4.324903
1608,0.21997736,-3.0985527
1609,3.6092458,3.359811
1610,0.6695055,-3.5258312
1611,-1.7674783,1.1261716
1612,2.793975,-1.7925711
1613,-3.876024,-0.15857342
1614,0.14794624,0.7351037
1615,0.40510255,-4.934534
1616,-3.816794,4.7262526
1617,3.4286997,-3.3173177
1618,-4.4186277,4.5914483
1619,-3.7463315,3.0804343
1620,-0.5969092,-1.0631008
1621,2.6349244,-2.5379891
1622,-0.5830472,3.6560254
1623,-4.7726583,-4.550513
1624,2.1237903,2.750325
1625,0.47834763,-3.9916925
1626,-3.9574676,0.022684835
1627,-0.8683877,-4.0750823
1628,-4.103891,-0.6569538
1629,-1.0926392,-1.979928
1630,4.3189173,-4.5584316
1631,-0.60187614,0.55089444
1632,3.0071993,-2.4899013
1633,-0.36859712,-3.3837028
1634,-2.224335,-1.0368037
1635,-0.6803493,4.0262074
1636,3.952399,-3.3646502
1637,-0.50350726,-4.679316
1638,-4.422611,3.0949304
1639,4.5775833,1.0610492
1640,3.2946453,3.802589
1641,0.12042265,3.690076
1642,-4.9103594,-3.9393153
1643,2.490349,2.4511476
1644,2.9007344,-2.4321647
1645,4.23235,4.50891
1646,2.3649251,-2.476002
1647,-3.2539933,4.4305444
1648,-5.131934,-3.5725105
1649,3.7013867,-0.5652842
1650,-0.33375213,0.21051666
1651,-4.6183643,-0.69422907
1652,-2.2719593,-1.448081
1653,-3.0733407,-4.282695
1654,3.360636,-3.3092308
1655,-3.2995956,-4.931083
1656,-1.0124955,2.865022
1657,1.8381586,1.9467808
1658,-0.69370526,-0.6332018
1659,4.1069875,2.974497
1660,-2.2155862,1.9055395
1661,4.5584073,4.820492
1662,1.1610528,-2.203312
1663,-0.9552984,3.3095129
1664,-1.0806862,-2.6423812
1665,-1.9041854,2.4421902
1666,-0.65174985,4.03543
1667,-3.6855474,-0.19621733
1668,-3.0668542,3.4259381
1669,-2.4371953,1.9210345
1670,-1.8747954,2.0329823
1671,3.019893,-3.1216373
1672,-1.3022314,-1.1534665
1673,2.4485877,-3.0071034
1674,-1.8860817,-1.7388817
1675,0.46717268,-3.4252036
1676,-3.1087265,4.166768
1677,-4.8060822,3.5960612
1678,0.24313916,-4.7700334
1679,-1.4614184,-1.2394257
1680,1.3953633,2.0556717
1681,-0.7995789,-4.301745
1682,1.2976514,-2.8944485
1683,-4.1693344,-4.263517
1684,0.47924662,3.4464738
1685,1.24278,-2.2302003
1686,0.91136706,4.1820216
1687,-3.0970619,-4.5349383
1688,-5.080664,4.5689764
1689,0.86893636,4.0716586
1690,0.95979744,4.098937
1691,-1.6763765,2.4153056
1692,1.215173,2.0831182
1693,-3.1550896,0.4117944
1694,-0.70963633,-3.904555
1695,3.5324812,-0.42497948
1696,4.2210817,-4.299213
1697,3.9384973,-0.3675666
1698,-3.35664,-0.5097484
1699,4.89468,3.7490988
1700,3.1002934,0.43176746
1701,-1.6375408,1.5716193
1702,-0.1443937,0.6616174
1703,3.4999912,0.4727072
1704,3.419591,4.033956
1705,0.36804563,3.9191284
1706,-3.1371937,-0.42756438
1707,-2.6516588,3.105827
1708,-4.2659726,4.715104
1709,-0.21919706,-3.7690156
1710,-2.5994074,1.5384579
1711,-2.9972517,5.0848584
1712,-1.1527364,-1.7781521
1713,-1.3656998,-1.5460422
1714,-4.813489,3.837843
1715,3.9382663,-4.573312
1716,-1.661774,1.9551444
1717,4.1898384,0.6733916
1718,-3.7533395,4.509456
1719,4.307344,0.0050852904
1720,-3.769191,0.18833321
1721,0.036722396,-0.16802529
1722,-4.0509667,-0.68861663
1723,-2.8114536,-3.4345834
1724,-3.8264916,-0.97301406
1725,2.017518,2.123845
1726,-2.9697673,2.8114011
1727,-4.022394,-3.6523845
1728,-2.6196713,1.3396555
1729,-1.5629177,2.8997366
1730,0.51545656,0.13606776
1731,-0.4838907,3.2110627
1732,3.9604158,3.2860014
1733,1.8784778,1.9944614
1734,3.667787,0.4608866
1735,-3.5047739,-0.006012939
1736,-1.934362,1.7651399
1737,3.6147656,-0.32382026
1738,-4.7530923,-0.86427015
1739,1.9442519,1.1185322
1740,-2.6000087,-1.6256443
1741,-3.1520662,-3.7945254
1742,-2.1483274,1.9195038
1743,-0.046880327,3.0951674
1744,4.352401,0.48687407
1745,-0.81450266,-4.7116275
1746,-1.9436048,-1.915924
1747,4.6978965,-4.3224225
1748,0.77704936,-0.3655259
1749,-2.5329905,-1.9479548
1750,-3.4090064,0.19982047
1751,-4.1667566,-4.1169233
1752,-0.90828186,-4.5103683
1753,3.4510038,-3.9387891
1754,-1.6752845,2.5156052
1755,-0.2533714,-0.5371979
1756,-2.9163837,2.2633386
1757,3.941658,-3.1840324
1758,0.82104856,4.816342
1759,-4.0438085,3.6387434
1760,-0.33407056,-0.16841444
1761,-1.2929593,1.7318592
1762,4.652683,0.9659525
1763,0.335862,3.6171377
1764,-2.7032986,2.7789936
1765,2.5412788,2.0261114
1766,0.6063017,-0.70964307
1767,-1.6444365,-1.872335
1768,3.6667259,3.8104172
1769,1.0977831,-0.69263726
1770,0.7979007,-0.34577838
1771,-1.8637724,-2.6746712
1772,3.6189327,3.3637106
1773,4.319146,-0.46681473
1774,-4.468355,-3.5528624
1775,4.51535,0.05359141
1776,0.53122866,3.9624965
1777,4.331112,-1.0711937
1778,-3.6153517,3.7315238
1779,-4.2978425,3.4271932
1780,0.83810645,-2.6657374
1781,3.2665193,-0.44736627
1782,-1.970569,-1.4502923
1783,3.1869984,-0.90426964
1784,1.5047034,2.5856807
1785,-5.0752654,3.8842194
1786,-0.5586213,4.531727
1787,-3.9286337,3.9848506
1788,2.693353,1.8478309
1789,-1.1476413,2.660194
1790,-0.8355533,-4.173231
1791,3.4672139,-0.9327471
1792,0.36849126,-3.5776787
1793,-4.9634366,-3.812941
1794,-3.5318558,0.18739899
1795,-3.8191385,4.840109
1796,-4.009582,-3.2197592
1797,-2.3512435,1.4194497
1798,0.31719723,4.7589808
1799,0.8324088,0.17097957
1800,0.9560997,-4.6275306
1801,2.9410954,2.0226243
1802,0.8172176,4.051748
1803,1.0877082,2.9187531
1804,-4.507508,3.4213817
1805,4.093674,3.4220567
1806,-4.6877866,4.430324
1807,2.8952756,1.2213176
1808,5.0220213,-4.5214233
1809,1.7780278,-1.2044885
1810,4.505854,-4.209251
1811,3.317404,-3.3305197
1812,0.97754353,-3.3424275
1813,1.7220908,-1.4940673
1814,-1.1502653,-1.5696564
1815,0.0043195966,-0.35833558
1816,0.24243931,-0.31433466
1817,-3.847256,3.157673
1818,3.5022945,-0.15417793
1819,-2.7378638,2.524502
1820,-4.142718,-0.27557176
1821,-4.673108,3.5826495
1822,-4.7676816,4.249828
1823,4.6509185,4.3276453
1824,-4.354728,0.9586736
1825,1.0633869,3.4235756
1826,-0.3617108,-3.3570933
1827,0.8363391,-3.504205
1828,-4.145191,0.7303265
1829,-0.43906525,-3.285242
1830,3.3811033,-0.9266725
1831,-0.3448989,0.92698497
1832,3.7157862,3.8541758
1833,-3.838137,-3.8904357
1834,-3.9448853,4.753551
1835,-4.018282,-4.3453126
1836,-4.0375605,4.0627713
1837,3.3969893,-4.2414193
1838,2.1595414,2.942227
1839,-0.55455714,3.4033527
1840,-3.9374554,4.102488
1841,2.6278994,-2.8909035
1842,-0.2356518,-3.6688704
1843,2.679046,1.4979169
1844,-0.85393244,4.1881557
1845,-3.1598048,-0.7771008
1846,2.265101,2.3062065
1847,-1.3404794,-1.9491764
1848,1.8064541,-2.5038805
1849,-0.25008526,-0.13456619
1850,3.3888845,-0.93825835
1851,-0.6799031,0.3849959
1852,-3.5776403,-1.0508901
1853,-0.32157508,-3.5511868
1854,4.1894584,-4.431539
1855,-0.57926226,-4.0302205
1856,4.41411,3.2295864
1857,4.837111,3.2074468
1858,-3.0567029,4.536906
1859,-2.4688885,-2.207388
1860,3.8911276,0.54927516
1861,-0.58308864,-0.88524085
1862,-4.4071608,-0.27731273
1863,-3.591836,3.802961
1864,4.430239,3.1117213
1865,-1.8563529,1.3536602
1866,3.528055,-3.4563477
1867,-0.6561083,3.2855163
1868,3.185347,0.76409346
1869,-2.5445092,2.5963695
1870,-2.571463,1.3924706
1871,3.9416618,-4.5375366
1872,4.2495766,-4.021067
1873,3.7029338,4.3273
1874,-3.4414415,3.0475535
1875,-2.0959017,1.8241519
1876,0.8395857,4.0173717
1877,0.09451613,-3.4618952
1878,-3.7413957,-0.5181543
1879,-3.7889116,0.8446115
1880,-1.0300435,-0.7320354
1881,-0.5787643,0.5357406
1882,0.80880225,-0.4391999
1883,-0.1596688,-3.332867
1884,-4.2479405,-4.2292137
1885,-4.3505416,4.6430883
1886,4.0889206,3.7300858
1887,-1.5723258,-2.7985551
1888,4.8415694,3.8967006
1889,3.4130485,-3.385872
1890,0.10840212,3.6544127
1891,2.1003773,-2.406965
1892,-0.17827521,3.6140347
1893,-0.9395017,3.2344828
1894,-4.8113813,-4.784018
1895,0.7057563,-3.404504
1896,0.9673394,3.9614046
1897,-0.8035021,-4.6124034
1898,-3.1567516,-4.0288377
1899,-0.9862494,-4.201424
1900,0.3510779,3.051631
1901,3.236604,4.0807085
1902,4.8450804,4.158437
1903,0.6120325,0.5675498
1904,-0.7429633,4.0640283
1905,-3.4718118,0.5353118
1906,3.93714,3.1314006
1907,-3.2413185,-4.438374
1908,-0.0109440405,0.5461733
1909,-2.0032659,1.0878009
1910,-4.051038,-4.7970023
1911,0.28986415,4.3280516
1912,1.5167094,-2.1711595
1913,2.0667458,-1.4498403
1914,0.28289914,0.4310721
1915,2.8595295,1.426441
1916,-1.0361795,-0.4449402
1917,4.8202214,-3.4441166
1918,-0.21033783,3.2862144
1919,-4.8062215,0.2208116
1920,-0.9392642,-4.81834
1921,-1.4163342,1.4590392
1922,-0.23571339,-0.63276637
1923,-3.3506868,-0.82368416
1924,2.5320618,-2.7123623
1925,-3.7605257,-0.34308925
1926,3.8150563,0.72583306
1927,-0.8536395,-0.111278474
1928,3.8413649,3.1711712
1929,0.77082217,-3.8482082
1930,2.6323905,1.9482235
1931,4.271168,3.8054
1932,-4.779298,4.712656
1933,-3.7386281,-4.672496
1934,-0.19659343,3.2030077
1935,3.900361,-3.8726056
1936,3.2218606,4.26073
1937,2.7446628,2.382572
1938,0.7077999,4.935191
1939,-0.4781311,-0.4633506
1940,3.8824358,-3.9897516
1941,2.8026447,-0.90999305
1942,-0.9444985,-0.30056527
1943,-0.47127426,-3.1136594
1944,4.4173484,-0.9898143
1945,2.7217283,1.3737376
1946,5.0505643,-0.5866191
1947,-2.440295,-0.9908775
1948,-3.6127887,4.834413
1949,2.3377416,1.715441
1950,-2.1913474,-3.1113877
1951,-3.8624284,3.9582865
1952,4.019374,0.1781235
1953,2.3599703,-2.1765683
1954,0.29729727,-4.775936
1955,-1.0644034,-1.675251
1956,0.9688433,0.5838073
1957,-1.3295561,-2.7280195
1958,-0.70629096,-0.92421055
1959,4.6800566,-4.556401
1960,-3.2551785,3.6915894
1961,-4.657108,4.058054
1962,0.6090266,-3.1463811
1963,3.3728855,-4.32627
1964,0.22047853,-0.33730587
1965,-0.8174907,0.13048965
1966,-3.8205786,3.5849998
1967,-3.6636994,-0.08069602
1968,0.90638924,-2.8570461
1969,-3.0931656,3.4079106
1970,0.9833878,-0.6048987
1971,-4.234264,2.8446193
1972,2.1785645,2.4702609
1973,-0.36936188,0.29573596
1974,-4.514032,-3.4304657
1975,4.0762887,-1.0887904
1976,-0.6718839,-0.7744548
1977,0.610317,4.627835
1978,0.31708944,-3.7466297
1979,3.924539,0.24716884
1980,0.85977095,2.103616
1981,-3.4339705,-0.19474399
1982,-2.467077,-1.7754973
1983,-2.927007,-1.411106
1984,1.6228561,-0.93609273
1985,-0.045096975,3.9894335
1986,-4.5077453,3.51277
1987,-0.33755815,-0.2161005
1988,-4.152381,3.4623451
1989,0.30457735,3.4805374
1990,0.6155777,4.545593
1991,-3.123058,4.304603
1992,2.9057324,1.8831792
1993,-3.6102211,3.582025
1994,3.3886197,-3.3854306
1995,-3.4239292,2.9213014
1996,-1.3363576,-1.6091084
1997,3.7436438,-0.5284601
1998,-1.1736137,1.8208648
1999,2.0474792,1.9595121
2000,-3.1080182,-1.784085
2001,-0.47624958,-4.8660913
2002,4.7095623,-3.3039837
2003,1.04866,4.4865127
2004,2.8242683,0.9507463
2005,4.363199,3.7965045
2006,-1.1420211,-1.2583821
2007,3.088875,3.3837137
2008,5.30739,-4.072572
2009,-0.64463824,-0.7322467
2010,-0.28342482,-4.5759234
2011,-5.228356,0.7209204
2012,2.2628627,-2.205096
2013,-3.8689287,-3.5851226
2014,4.277828,4.816916
2015,2.6453846,-2.244506
2016,4.7626057,0.13617378
2017,3.4108906,0.523807
2018,0.03153959,3.318299
2019,5.028444,-3.377838
2020,-3.809213,3.7954063
2021,-3.961217,3.7222688
2022,3.651852,0.21627979
2023,-3.793258,-4.7379494
2024,-0.16954754,-0.55245155
2025,4.370939,3.395667
2026,2.6742284,-1.9230468
2027,1.3058511,2.7164254
2028,-0.34183905,4.809975
2029,-0.88044286,0.16477658
2030,-3.124358,-1.0382409
2031,-1.7006242,1.0732075
2032,0.5779668,0.56178474
2033,2.3225524,-2.8919353
2034,2.3599896,-2.1180878
2035,0.08119858,3.1515498
2036,-0.33699068,-3.5479171
2037,0.09148981,-3.0966568
2038,0.039986894,3.7201004
2039,-5.0861025,-4.3845944
2040,0.6445436,3.530417
2041,-3.7712836,0.56916845
2042,-0.7476814,0.46854293
2043,-4.716287,-3.6876874
2044,-2.658184,-0.99574506
2045,3.8450947,0.7775053
2046,2.9709513,1.8574007
2047,-1.7206329,-1.1841022
2048,4.0519686,4.561049
2049,0.30171973,0.07419589
2050,0.41393235,-4.4541235
2051,2.289103,1.423663
2052,-3.321157,-3.6670659
2053,1.1077355,-1.4338654
2054,1.639392,1.3214241
2055,-4.900387,5.0435076
2056,-3.5203004,0.86665237
2057,-2.5176983,1.2519566
2058,-4.9734664,-1.0203698
2059,0.39665148,4.145377
2060,2.9929414,-3.8831968
2061,2.4342656,-2.9003992
2062,1.8865106,1.2839143
2063,-5.0908504,4.05202
2064,-3.883722,4.539724
2065,3.250503,0.6092172
2066,1.2306559,2.483234
2067,-3.3325338,-3.4432354
2068,0.6938257,-4.5961547
2069,2.0306187,-1.190348
2070,3.3482134,4.2273483
2071,-0.97165173,-2.889239
2072,4.8993654,3.6086388
2073,-3.647082,-0.8732309
2074,2.6014853,-2.1779215
2075,1.8415625,2.103526
2076,-1.8071455,-1.5872384
2077,-4.596825,-0.825822
2078,0.31966057,4.730039
2079,2.1910598,1.28407
2080,0.23922502,-4.531951
2081,0.11025818,-0.014263486
2082,4.017628,-0.40699452
2083,-3.8881702,-4.2570066
2084,1.9439944,2.147003
2085,1.4104108,-2.9049177
2086,-4.751018,-0.39496905
2087,-3.882289,0.9262029
2088,-2.52704,-1.9485731
2089,-3.294036,-3.8226643
2090,1.5370092,-1.5766577
2091,0.24365842,0.46369708
2092,3.3911,0.5867069
2093,0.41150478,3.461967
2094,4.798594,5.1895323
2095,4.2844043,-0.25156435
2096,0.7488098,-0.5822172
2097,2.9646566,2.840963
2098,-4.6786532,4.232631
2099,-0.92116857,-4.3957562
2100,-1.5653977,-2.8553004
2101,-2.2240632,-1.7748604
2102,2.818257,1.1242149
2103,2.4565532,-2.857967
2104,-3.2327368,4.660185
2105,-4.7510014,3.6008337
2106,1.1263483,4.068696
2107,2.1941195,-2.9274583
2108,2.040023,-1.9088987
2109,-4.0423913,-4.199624
2110,3.9056978,-3.6124365
2111,2.309434,2.3193927
2112,-1.8719531,-2.3136234
2113,1.0578572,-2.301905
2114,-4.159392,-4.4283476
2115,-4.2938194,5.071595
2116,-4.383192,3.439882
2117,-0.4713874,3.983493
2118,-2.3829281,-2.7788413
2119,-1.0293711,-2.5862966
2120,-3.2031476,4.652057
2121,-0.85719365,-4.657058
2122,2.111292,-2.7565057
2123,0.24449794,0.00667322
2124,3.0138772,1.0868006
2125,4.101393,0.9546186
2126,0.75702804,4.4720855
2127,4.999896,0.28095162
2128,0.023258206,-4.2506704
2129,3.5938504,-3.716907
2130,-3.9045932,-0.28057185
2131,3.3179655,4.1696935
2132,0.58021015,-0.09054997
2133,4.625046,0.8791375
2134,2.3725073,2.2607605
2135,4.6269555,4.2566595
2136,5.0045485,-4.2646217
2137,3.2421114,-0.7547953
2138,0.68282115,-5.0132008
2139,0.54418594,3.739601
2140,1.1110734,2.1486049
2141,-3.377777,2.984721
2142,2.8436248,-2.7122996
2143,3.378476,-0.25448093
2144,-2.4334831,1.2196319
2145,4.526721,1.0165622
2146,3.6427948,-4.0936136
2147,-2.960487,3.8034928
2148,2.6778564,-2.8932762
2149,3.7185147,0.9193812
2150,1.3624963,-3.1343021
2151,-0.7108795,0.2731948
2152,1.9739703,-1.1240891
2153,-5.2452435,0.3739202
2154,4.369891,3.2262464
2155,-2.7058132,1.6987046
2156,-3.7665045,0.4826374
2157,0.56208044,3.4743774
2158,0.78194976,-0.4920858
2159,-3.1651187,4.2002406
2160,0.41903535,4.2168746
2161,-0.27716544,-4.597939
2162,0.15063857,0.44818535
2163,0.40857145,-4.2252374
2164,1.9562721,2.7625008
2165,-4.0879827,-4.8791347
2166,1.879509,-1.6389233
2167,0.64995307,-4.45291
2168,2.2312865,-2.6425605
2169,-0.96765184,-0.32399035
2170,3.0591047,-0.10810357
2171,-0.54298854,-3.4974878
2172,-0.19887815,3.999299
2173,1.8522619,-2.4082747
2174,-4.6339626,0.10588312
2175,-4.600603,-0.83167297
2176,-4.021838,-4.7240796
2177,-0.64002275,0.4129512
2178,-3.4359958,4.88423
2179,-1.5077904,-2.344096
2180,-3.294544,-3.337819
2181,-3.5946686,4.111524
2182,-0.006979056,0.66355276
2183,0.8077931,-3.564203
2184,-4.859431,0.55823094
2185,1.4590923,-1.1414796
2186,0.04733764,3.0910249
2187,4.5395303,-5.118935
2188,-0.040750057,-3.048596
2189,3.6336033,3.2954102
2190,-0.24295223,0.6817694
2191,4.193113,3.542103
2192,4.21302,3.6723824
2193,-2.1793318,0.92094415
2194,-4.84137,3.8130062
2195,-4.862676,0.07937093
2196,4.6851716,-4.57636
2197,-5.249697,-4.120324
2198,3.1735847,0.9904739
2199,4.372533,3.0597038
2200,-1.2255166,-0.85008
2201,-0.47539774,-5.037402
2202,-4.2500114,-4.484749
2203,-1.9971842,-1.183493
2204,3.310086,-0.14253828
2205,0.5154819,4.8980503
2206,-1.0730711,-2.6643636
2207,-0.4436065,-0.19151281
2208,-1.3731371,-1.4786034
2209,0.41677397,-3.770052
2210,1.7967025,-1.4688364
2211,4.08012,0.57668954
2212,2.8640575,-0.9212736
2213,1.893753,2.7777092
2214,-3.7402344,-0.40192237
2215,-3.0914798,3.635237
2216,-3.1827438,-1.128501
2217,1.3963557,-2.581395
2218,-3.632445,-4.039403
2219,0.62586576,-0.3123402
2220,2.851135,3.0822315
2221,2.5573606,2.4125078
2222,-0.40579993,-3.494144
2223,-3.7479823,3.8399255
2224,1.0391195,1.9628539
2225,-0.44394475,-4.921063
2226,0.9173728,0.66988844
2227,-0.9008873,-4.1605544
2228,-4.164428,4.488608
2229,4.565951,-0.7934519
2230,-0.10459267,-3.6322708
2231,1.39738,1.463717
2232,-4.806576,3.357976
2233,-0.813468,-3.6729848
2234,-3.3799136,3.2143254
2235,0.34297618,3.5442026
2236,0.75804764,4.5082674
2237,4.008378,4.693376
2238,3.8894897,-4.1426845
2239,-3.3468747,3.074867
2240,3.424072,-0.34808975
2241,0.99691206,4.2553186
2242,-0.61283344,4.4563313
2243,0.35578194,0.03290358
2244,4.532284,-3.9319391
2245,1.0704991,-2.1409612
2246,0.7196712,4.6636176
2247,-4.467517,-4.5436664
2248,-2.0647624,2.6918492
2249,-2.3619938,-2.3081973
2250,4.2202616,3.1451688
2251,4.0011005,0.08782524
2252,-1.5951031,1.3681179
2253,-2.8233092,2.24838
2254,-4.988742,3.7425222
2255,3.3023255,-0.23648375
2256,-1.8147924,-1.1053226
2257,4.037993,3.4357407
2258,-1.0899289,-1.4058706
2259,-4.4184637,3.9661953
2260,-3.383454,4.565253
2261,0.96155316,-2.5130403
2262,-0.217944,3.5397077
2263,4.2400327,-0.38786155
2264,0.9551577,3.6276398
2265,-3.9668636,-3.7710526
2266,-3.1115444,-3.7132223
2267,-2.3966928,-1.7681653
2268,-1.8667492,-1.9711952
2269,-4.2554116,0.17576875
2270,-4.881156,4.7913537
2271,0.37503856,4.808894
2272,-1.7799147,2.2585409
2273,-3.7735643,4.1832366
2274,-3.3566587,-3.691105
2275,1.0713892,-2.5258365
2276,4.3663335,-4.498765
2277,3.963231,0.7164821
2278,3.2834203,3.310956
2279,-5.07811,0.46024343
2280,3.9459026,-4.2646627
2281,-4.4843736,3.6775823
2282,4.4691877,4.382672
2283,1.4052359,1.3674625
2284,-1.1152424,-2.1531582
2285,0.21626978,0.27493688
2286,-1.1705941,2.3725717
2287,-4.413419,3.1657882
2288,-0.53860694,4.9578347
2289,-0.8825027,-0.122002594
2290,-1.5226401,1.6987027
2291,-3.3689954,-0.3225991
2292,1.7033206,1.1762525
2293,-3.483444,3.4360719
2294,-3.5883658,-0.98383147
2295,1.9404323,-2.2966468
2296,3.7427442,0.5594567
2297,-2.241119,2.404818
2298,-2.4858239,2.3879006
2299,3.4328992,4.4890614
2300,2.3781931,2.5650072
2301,4.2924805,-4.5436783
2302,-1.773442,2.270027
2303,1.9380615,1.8222919
2304,3.5242708,-0.9249665
2305,2.229475,2.170802
2306,4.9567957,-4.6335936
2307,4.144293,-4.5410647
2308,-4.4043784,-3.4639995
2309,0.27225846,-4.105328
2310,-4.7001595,0.19262369
2311,-0.32007727,4.5405197
2312,-4.6765633,-4.328763
2313,2.9203975,-2.744792
2314,-3.66834,-0.365103
2315,0.076945946,-0.12679307
2316,-0.22796132,3.615615
2317,-3.575086,3.4256637
2318,-0.66164213,-4.403019
2319,-4.238743,-0.021696849
2320,-3.3223085,-3.1407304
2321,-4.0507336,3.6082797
2322,1.1185014,-2.6226668
2323,-1.6747954,1.123812
2324,2.8986669,-2.474292
2325,0.5613177,-0.2878469
2326,3.739235,-3.255771
2327,-3.2666578,4.652952
2328,2.661451,2.0717578
2329,2.3652267,-2.2323458
2330,-0.010457516,0.64148647
2331,-2.1463866,-2.224269
2332,-0.06812121,4.205909
2333,3.0769787,0.93396074
2334,-0.055896927,3.6874154
2335,-5.094261,4.2053375
2336,-0.0939131,-3.464005
2337,1.2451425,1.5299875
2338,0.97968066,4.5606236
2339,3.4177194,-0.49768415
2340,4.5370355,-3.1552403
2341,-0.30147943,-3.2866735
2342,-2.0305614,-2.682612
2343,-4.02644,-4.1629505
2344,-1.7765794,2.458787
2345,0.36975482,0.97877866
2346,2.9082398,-1.6073229
2347,1.7757758,-0.9429614
2348,1.0193872,-1.9175528
2349,3.3363342,0.81582534
2350,-3.6084146,-4.224576
2351,-4.2431216,2.9586685
2352,-3.15831,2.214181
2353,1.2871186,2.0764725
2354,0.6815074,-4.4005466
2355,0.33574522,3.5282552
2356,-0.5217343,0.6825374
2357,0.017067123,0.7294483
2358,1.6838475,-1.8953199
2359,-4.002418,0.77969736
2360,-2.085574,2.590944
2361,-0.18443307,-4.623207
2362,-3.6384122,4.4753757
2363,-0.015793625,0.6158216
2364,-0.7147456,0.1765468
2365,3.2288468,-0.66251844
2366,-4.0399714,3.8915598
2367,-1.0420501,0.2874554
2368,4.040163,-4.580358
2369,-3.675249,-4.2987075
2370,4.3632708,3.0274568
2371,3.131063,3.043513
2372,-3.9692132,4.442195
2373,4.3781333,-3.5712569
2374,-0.37437114,3.6722054
2375,-4.203406,-0.8349693
2376,2.1505828,2.7050288
2377,4.609053,-3.2277708
2378,2.2217953,2.0286648
2379,0.38575256,-3.4227586
2380,2.0454063,-2.1272373
2381,-3.6547701,-0.18602274
2382,3.8458943,3.1650558
2383,-3.6908653,4.499599
2384,1.7456818,2.1673388
2385,4.278356,4.3159456
2386,0.60536736,-0.039787702
2387,4.8331413,0.036992412
2388,-3.4544833,4.3769593
2389,-0.7680578,-4.4339814
2390,-3.909685,-0.7219736
2391,-4.029683,-0.21687818
2392,-1.6307502,-2.0244205
2393,0.7349308,4.5092545
2394,-1.0509075,-1.3007822
2395,-3.0600398,-2.6255157
2396,3.4770973,-0.7736218
2397,2.9843445,-3.1648989
2398,-3.8083959,5.021752
2399,-3.899435,0.37236044
2400,-3.5310245,-3.1932695
2401,3.0199862,3.6050386
2402,1.4901686,-2.578179
2403,-3.4813957,-3.9191391
2404,-1.5419183,2.2692137
2405,-2.9761164,-1.4716887
2406,2.1601748,1.447031
2407,0.97967756,0.84977674
2408,1.3295792,-2.930665
2409,-4.5033455,4.6823144
2410,1.478995,1.2551864
2411,0.28225067,0.18256235
2412,-3.7756057,0.6282055
2413,0.5618756,-0.7151049
2414,1.8497658,2.913368
2415,4.6408405,-3.7960312
2416,-4.322704,-3.7784579
2417,-0.23181042,-0.88134015
2418,4.0182667,3.8073494
2419,-0.13516095,0.09662439
2420,-5.0389576,4.251125
2421,1.1165571,1.6522778
2422,-1.5398333,2.2664938
2423,-3.7938788,4.0513105
2424,0.5661941,4.7844443
2425,2.5240827,-1.9997356
2426,-4.896515,-3.2901683
2427,-3.984007,0.68954855
2428,-3.732179,-3.1861734
2429,0.2732093,0.6834341
2430,-3.733253,4.6410694
2431,-1.4796004,-2.776753
2432,0.1744889,4.0131445
2433,-3.1939237,-0.31675228
2434,1.3990793,2.97631
2435,4.546104,3.8040895
2436,3.1536155,-0.21560602
2437,-0.6800024,-0.9522592
2438,-4.118862,0.78572047
2439,2.2321544,2.2021103
2440,2.2934048,-1.5640166
2441,3.6201072,0.1378844
2442,3.7339478,0.9814751
2443,-0.38706633,-0.51273674
2444,2.603481,-1.4969968
2445,2.7171917,-2.6325684
2446,2.8317199,2.8787906
2447,-1.26742,2.2530587
2448,-2.907348,-2.5542197
2449,-3.9779525,-0.2737988
2450,-0.83465695,-4.430175
2451,0.37603924,4.9432645
2452,1.510171,-2.2351444
2453,3.3290138,0.7995288
2454,0.53972626,-0.14453699
2455,3.207697,4.67374
2456,1.5538166,1.8453672
2457,-3.846595,-0.78515077
2458,-2.0840688,-1.587697
2459,-2.754784,1.0415497
2460,-1.8542103,1.1542773
2461,2.1173697,-1.2494615
2462,-2.1378942,1.297268
2463,-4.232431,-3.62364
2464,-4.1535163,-0.522364
2465,-1.5155535,-1.9486241
2466,4.2068253,-0.091182336
2467,-3.242207,2.890308
2468,-4.427018,3.8981864
2469,-3.4018118,-0.098526575
2470,-3.725404,3.9183524
2471,1.1162922,-2.555119
2472,1.4058235,-1.8659406
2473,-0.60022765,3.6193457
2474,0.12954386,-3.4738507
2475,2.0095873,2.0688033
2476,0.93390924,-4.008332
2477,4.623667,-4.613446
2478,-4.806806,4.0994167
2479,4.0799284,4.6669106
2480,3.1222827,-4.4078207
2481,-2.5017164,1.2879206
2482,-2.788678,1.0980328
2483,3.2392251,3.998072
2484,4.10318,4.3192444
2485,-1.906006,-2.3910592
2486,1.0270017,4.666144
2487,0.57890195,3.3920813
2488,-4.936506,-0.06817527
2489,4.242758,-4.155595
2490,-4.8925257,-0.12934524
2491,0.49714223,-1.0155702
2492,-3.539179,-0.4101149
2493,2.599279,-2.4531314
2494,-3.9976094,-3.4548361
2495,-3.2810738,4.241367
2496,2.3274,-2.8397253
2497,-4.584663,-3.4757047
2498,0.655408,3.3262641
2499,2.7408335,1.2681795
2500,-2.144845,-2.9694426
2501,0.21851991,-3.6050198
2502,3.3824294,0.47723117
2503,1.5821224,-2.6671493
2504,3.2468245,1.0168575
2505,-2.5219893,1.543482
2506,-1.8321018,-2.874666
2507,0.036916915,-3.4953063
2508,1.8938088,-2.3732789
2509,-0.17661533,-0.75303054
2510,2.6874545,3.0486586
2511,1.5365745,0.92202127
2512,-1.6842046,1.496348
2513,1.0224571,-2.2512746
2514,0.5319498,-0.3724092
2515,-3.726883,-0.5356895
2516,-0.8273827,-4.0025997
2517,-0.65566725,0.5315228
2518,0.96335065,1.279883
2519,-2.9915419,1.5209208
2520,-1.5519948,-1.678334
2521,-4.029048,3.414876
2522,-4.385392,-3.1104133
2523,3.1619823,-4.367781
2524,4.3216558,-1.4159302
2525,-3.1763573,-0.49445605
2526,-0.9716167,4.715609
2527,-3.9115791,4.3258038
2528,0.5319016,0.34083617
2529,-4.2756743,4.50263
2530,4.356448,-0.8452552
2531,4.1043825,-3.2252333
2532,4.5306425,0.7432741
2533,-2.8556979,2.5086224
2534,-4.7421436,3.2722504
2535,0.26255542,-4.3546457
2536,-5.012833,4.0886693
2537,-1.5558854,1.638334
2538,-4.2100444,-4.083885
2539,-0.61656964,-0.40161753
2540,1.9544291,-2.2555997
2541,1.0546578,-0.6696637
2542,1.9316697,-1.7501848
2543,-0.87402445,0.5801631
2544,2.5124717,2.9645965
2545,1.4694144,1.9981948
2546,-0.06933786,3.3070338
2547,4.1871715,3.9730947
2548,-1.749516,-2.2624946
2549,-0.90411603,-4.0360794
2550,2.0339775,2.6176102
2551,-3.9476416,-0.15907848
2552,0.9722255,2.1336257
2553,-4.179515,-3.9586492
2554,-3.0981033,-1.1620262
2555,5.0949183,-4.213502
2556,-0.7758487,-0.76064223
2557,4.4421697,3.3331974
2558,2.0990849,-1.1362828
2559,4.3635664,-0.91378707
2560,-1.1102624,2.15264
2561,-4.4625716,4.461261
2562,4.1122417,3.9150329
2563,-1.8774532,2.015455
2564,2.6081786,2.1792505
2565,-4.712626,4.3158274
2566,-1.3606027,1.361403
2567,-0.6013373,0.268718
2568,3.7521164,-3.728106
2569,-1.1934545,2.4245846
2570,4.045457,4.241844
2571,-1.5046918,1.0951074
2572,-0.07863749,3.782296
2573,4.2943044,0.82925594
2574,-3.5852215,3.61343
2575,0.07491534,4.219926
2576,-0.2499427,0.2885684
2577,3.9491603,3.1023386
2578,-0.11602686,-3.7648187
2579,-0.5873819,-4.223086
2580,3.1113272,-4.7813993
2581,3.4644697,-0.77354157
2582,-3.6202471,-3.252304
2583,-1.1507396,-1.1626772
2584,-1.3064778,1.4415762
2585,4.388275,3.8440862
2586,-4.8218055,-4.4490595
2587,-1.2659332,2.156928
2588,-0.5533025,1.0123116
2589,2.2603908,2.4921575
2590,-1.4901266,1.7953643
2591,-2.8678815,-2.1679947
2592,0.71278024,3.4478319
2593,0.1717889,4.500016
2594,-0.0098682195,-3.7539022
2595,-2.801298,1.075498
2596,-0.5057389,-4.330874
2597,-3.356786,-0.7460537
2598,0.8476074,9.8041055e-05
2599,-4.024114,0.52860713
2600,2.2389674,-2.015392
2601,-4.497891,0.6959048
2602,-2.6197512,2.3889315
2603,1.390612,-2.7056723
2604,-3.029019,-3.221174
2605,-1.5389875,-2.6019669
2606,0.8753555,0.62819624
2607,-4.182049,0.2563979
2608,-3.4265404,-4.0103955
2609,-4.4467945,-0.03946393
2610,-0.16080101,0.4957201
2611,-4.6832848,-3.9667845
2612,-2.1254964,1.1970779
2613,-3.9119105,-4.8582234
2614,-0.9134895,0.42669272
2615,1.8408103,-1.7738886
2616,4.5305324,-0.109350234
2617,-2.1963212,1.8664305
2618,-0.33036262,0.6764963
2619,2.9869993,2.5998669
2620,-2.0194805,-2.4508963
2621,-3.8255072,3.361437
2622,-3.3778963,0.8941589
2623,-2.932664,1.5271035
2624,4.3700633,0.13277768
2625,3.668564,-3.0696251
2626,-1.7393404,1.1357815
2627,-0.43610436,0.7289938
2628,-3.388232,3.1128397
2629,-0.3856148,0.4673152
2630,2.9417434,0.8652877
2631,-3.6113799,3.4970047
2632,3.6072686,0.04209305
2633,-4.388775,4.103587
2634,0.9148336,-4.9064417
2635,2.028889,2.7061553
2636,3.9451072,0.00718958
2637,-0.6563099,-4.4823375
2638,2.5329955,-1.8838996
2639,-3.497253,-0.8740617
2640,4.0353103,-3.3209493
2641,0.7835374,4.1771464
2642,-4.1236053,0.050245237
2643,0.7263434,4.711267
2644,4.7058845,4.6531086
2645,-4.849113,4.532811
2646,-3.1455474,-0.23202951
2647,3.3088129,-0.9274788
2648,3.3592799,-3.3015244
2649,0.17229764,-3.439223
2650,4.164602,0.5035225
2651,2.5667179,-1.9146397
2652,4.264233,-4.929778
2653,1.9382092,2.155822
2654,-0.89965737,0.34152505
2655,-1.5594355,1.2137578
2656,3.7423902,3.8279555
2657,-1.4953943,1.9880885
2658,-1.8840353,2.2935977
2659,2.5382519,2.1076348
2660,2.4721224,-1.8084587
2661,-0.06609493,-3.2212982
2662,0.47305647,3.5496767
2663,-1.9972957,-2.7151437
2664,-0.88382983,-2.8130207
2665,-3.8704531,-0.40655825
2666,-0.6005889,0.092778556
2667,0.5347646,-3.2175841
2668,0.3162512,0.1131909
2669,-1.0386088,-4.402683
2670,-0.7363845,-4.5181274
2671,-4.9278507,3.7736251
2672,-3.1002157,0.5329642
2673,-1.7557834,-1.4471147
2674,3.4101787,-3.9164014
2675,-3.2567055,3.1974273
2676,-3.935673,-3.3469558
2677,-3.7241971,0.20422834
2678,2.8914354,-2.6091743
2679,0.55911285,-0.16668664
2680,-0.6090632,0.65133405
2681,-4.3473144,3.782919
2682,0.45365566,-3.012686
2683,0.6979974,-4.2829204
2684,-2.3473017,-1.8162242
2685,2.0024722,-1.0418222
2686,-0.99615353,-3.3537207
2687,-0.016748147,4.8146944
2688,5.0169306,-0.08116879
2689,-1.4674217,2.49258
2690,-4.67446,4.573149
2691,-0.30405137,0.77267265
2692,-2.1129425,2.13303
2693,-2.7149966,-1.7144321
2694,2.7437148,-2.5281372
2695,-5.189532,3.915396
2696,-4.3995976,-0.8108027
2697,0.6809194,0.27102664
2698,-0.66653234,3.547675
2699,-1.8118178,-2.6106346
2700,-0.14099084,-4.3634067
2701,0.7164801,3.7730305
2702,2.466561,1.2758336
2703,2.1593382,-1.5712917
2704,2.7928941,1.0705082
2705,-3.4607725,4.497525
2706,-0.11579605,-4.0269685
2707,-4.5726337,3.6812792
2708,2.7068799,1.0360868
2709,-3.4215665,-3.5845811
2710,4.5834947,-0.14495963
2711,-4.5568566,-4.4743123
2712,-2.583843,-1.7900805
2713,-0.6453299,-4.848327
2714,-3.2820253,3.4944415
2715,-0.20887437,3.9456003
2716,-3.8410068,-4.471445
2717,-3.7496688,4.4026594
2718,-0.13957247,0.09985458
2719,-4.352641,4.2096295
2720,0.12287963,0.30181527
2721,3.5231671,4.921866
2722,-3.8524616,-3.3018951
2723,2.5163157,-2.1135366
2724,-4.6914425,0.3693381
2725,3.4906194,-3.7057457
2726,4.3839903,-4.450078
2727,3.2912428,-4.4904146
2728,-2.8976614,-2.693661
2729,1.8327214,-1.9554996
2730,-0.8929964,4.481017
2731,-2.8700674,-2.7674143
2732,0.39794984,3.1430876
2733,1.8760073,-0.9527394
2734,-3.9203377,4.7476044
2735,-0.4235152,0.3711785
2736,-4.8882923,-0.59854054
2737,0.0457012,-3.5583048
2738,0.46624288,3.1236882
2739,-2.508602,1.244951
2740,-4.9405932,3.5465991
2741,0.19664992,4.332659
2742,1.1653901,2.877457
2743,3.223405,4.533561
2744,-0.7166769,-4.0978117
2745,4.187939,-4.1492667
2746,-3.6717927,-4.191193
2747,3.5588088,-0.8039208
2748,4.7791576,3.120689
2749,1.1697158,-2.7851088
2750,-3.7719674,-4.810786
2751,2.798742,-2.54947
2752,1.0087919,-4.4448576
2753,-3.7477677,0.30686665
2754,4.5808406,-0.047183946
2755,3.5687897,-0.3594998
2756,1.4282906,-2.390811
2757,4.731418,4.747193
2758,-3.376737,3.8487031
2759,3.9211028,-4.9127336
2760,1.5111444,1.4702514
2761,4.1342654,4.7292953
2762,-3.5679002,-0.05898005
2763,0.36299285,-0.70525676
2764,-4.4214435,-4.9121513
2765,3.0788388,-4.2975187
2766,4.7197294,4.7468143
2767,-4.4501195,-0.42733264
2768,2.2437415,0.99367374
2769,1.0687399,2.7982552
2770,-2.112729,2.0887492
2771,0.14755072,-4.829814
2772,4.0227275,-4.934031
2773,-2.562888,1.3093396
2774,-0.53749263,3.318589
2775,0.046748675,-3.5965836
2776,-0.40964565,4.4143195
2777,-2.2244432,2.3541656
2778,-2.7552059,1.5780305
2779,4.4447827,4.191778
2780,-1.1505888,-1.4913392
2781,-4.0533915,0.8090908
2782,2.7896523,1.4869205
2783,0.16316795,-5.081496
2784,-0.1403233,-3.3516102
2785,3.3826447,-4.3860416
2786,-4.20687,-0.04813208
2787,1.545829,-2.9029446
2788,-4.3263707,3.4990592
2789,4.3279767,-0.3429806
2790,3.841102,-4.5343156
2791,-3.0108147,2.8412275
2792,-1.5568287,1.392017
2793,3.7736256,-1.0792192
2794,-0.7750953,-3.0581036
2795,2.3238206,1.157932
2796,4.4319544,0.5853633
2797,-2.9092758,-2.6424015
2798,-0.16315359,-0.9993021
2799,-1.2101797,1.7902482
2800,2.0295382,-1.2173133
2801,0.40357322,4.6686554
2802,-0.7067736,-0.55755144
2803,-1.4275775,-1.2914438
2804,0.5136967,3.4888906
2805,3.1146088,0.34581178
2806,0.021282896,3.7773356
2807,-3.356674,1.0542943
2808,4.620813,-0.34309703
2809,4.3432307,-0.34824458
2810,3.3519592,-2.9856596
2811,-3.7929049,-3.0863051
2812,-4.5519557,-3.564997
2813,1.5946491,-1.5855496
2814,-4.3312526,-3.857442
2815,-2.8894105,2.356915
2816,2.906763,-1.0902439
2817,2.5230017,2.4533455
2818,-2.446412,2.954898
2819,3.1919215,-4.1819296
2820,5.104104,3.6996934
2821,-2.3198428,-1.2139491
2822,3.128537,2.761724
2823,2.5269923,-2.7644968
2824,-0.17032522,3.4826422
2825,-3.8135476,0.14850283
2826,2.3419042,-1.1741177
2827,0.7321675,-4.073678
2828,-2.9271858,3.0555894
2829,-0.15946345,-3.8839195
2830,3.5994751,-3.707163
2831,3.1999466,0.20306478
2832,-4.466468,4.4650416
2833,-0.75954926,4.3321104
2834,-0.8772008,2.9847243
2835,3.7924879,-4.5288634
2836,3.3931122,3.821212
2837,-2.2671976,-1.654734
2838,-3.979366,3.019974
2839,-2.6031327,1.3763613
2840,-0.42206645,-4.382095
2841,4.2472243,-4.410957
2842,-1.3634423,2.0463064
2843,-4.5826707,4.042153
2844,-1.4672476,-1.5814506
2845,4.3769174,4.894873
2846,4.1714635,-0.33657983
2847,1.0652162,-3.3358428
2848,-1.3266737,1.4101928
2849,2.8388455,0.9444228
2850,2.6327243,-1.2106782
2851,-4.416044,-4.268401
2852,3.8206697,4.2719464
2853,-4.440576,4.0371375
2854,-0.89137894,2.8454156
2855,1.3406348,1.3087019
2856,-0.31460112,-4.013457
2857,4.672773,-3.7318363
2858,-1.1825054,1.9175283
2859,-0.031548534,-4.235558
2860,-0.08235369,-4.1179104
2861,-2.5907528,-0.9082243
2862,3.075835,4.2012014
2863,0.36086145,4.446794
2864,2.2057872,-2.4221435
2865,4.861173,4.385638
2866,-0.3349589,-3.7654293
2867,3.4475713,-3.9370883
2868,-4.3246655,-3.5576687
2869,-0.070674345,4.0805526
2870,-1.2952797,-2.8249376
2871,4.210958,-3.9426606
2872,-1.1419364,0.8349411
2873,4.4813023,-3.2674608
2874,-3.4489949,3.8173056
2875,-1.477245,-2.5607057
2876,-3.5994427,-3.2300484
2877,-4.034662,3.5059834
2878,2.614688,2.2238903
2879,-0.3189854,0.43296373
2880,-0.7190416,-5.0352235
2881,1.46255,-2.2595584
2882,-0.7087044,-4.19771
2883,1.5488614,-1.762105
2884,-3.5235016,-4.4397407
2885,-0.053241175,-5.1347613
2886,-0.92344344,-3.4202747
2887,-4.0149813,1.0108345
2888,-4.410196,0.6497552
2889,-3.3144596,-0.4497394
2890,0.069309525,0.550504
2891,0.22242586,0.21788985
2892,0.47005916,-3.1959972
2893,-3.5314662,-4.042935
2894,3.5024097,3.7156296
2895,-0.21943782,4.993688
2896,1.0535344,1.0654391
2897,0.5013592,3.7885182
2898,4.327099,-3.3084886
2899,-1.526684,1.6411122
2900,3.6912577,0.7922518
2901,-4.2008405,4.5266085
2902,-0.77976197,-3.232767
2903,-3.251559,4.0270476
2904,0.19909616,-4.3604536
2905,-1.6389316,-1.6520114
2906,3.9252906,-0.53849494
2907,-2.4792318,-1.5355862
2908,-0.24540117,-3.938211
2909,-3.678948,0.4715516
2910,4.27293,0.54412216
2911,-2.1185815,2.763599
2912,0.49860775,-0.6345506
2913,-3.3305337,4.2210307
2914,0.77293766,-4.4903355
2915,-1.316349,2.3938615
2916,2.3394916,-2.2555666
2917,2.8248336,2.7877903
2918,-3.238387,-0.7407537
2919,-1.859783,2.379514
2920,0.40250385,4.899311
2921,1.8720831,2.6141803
2922,-2.8618836,-1.6659809
2923,0.6522013,-0.7584041
2924,3.123921,-3.4181876
2925,-4.2107387,-3.2275183
2926,0.6611553,4.550158
2927,3.2539282,-4.202906
2928,4.5870495,3.2373686
2929,2.8500495,-0.74640816
2930,4.3008914,4.2938676
2931,0.82574016,4.1438975
2932,2.524948,1.6764251
2933,0.6257431,-4.3254666
2934,-4.1322546,0.054782324
2935,3.6382415,0.08816447
2936,3.316994,-3.233437
2937,0.16768879,-4.500043
2938,-1.6837394,1.7651103
2939,-1.0256923,2.6626022
2940,-2.169149,1.8103565
2941,-1.0956037,-0.9773655
2942,-0.6031337,3.4106655
2943,-3.592004,-0.41001144
2944,3.7261114,-3.9225721
2945,0.24308293,0.93046886
2946,-0.4229159,-4.0432653
2947,4.399053,3.7681177
2948,-2.812192,2.0265236
2949,0.99714273,4.406306
2950,1.8331895,-1.2691271
2951,4.622109,-3.8946419
2952,1.0158297,4.5049562
2953,1.6903538,-2.534296
2954,2.3877308,-2.3009589
2955,3.2312331,0.1938186
2956,-0.84287506,-0.15122224
2957,-4.7108593,0.64480454
2958,-0.5861978,0.7552203
2959,2.3526595,-2.5564969
2960,3.9152913,-0.738617
2961,2.8988945,0.84302837
2962,0.6019398,-4.225706
2963,2.6464753,1.340387
2964,4.301559,3.56814
2965,-4.1465807,3.5807893
2966,-0.8007619,3.6822586
2967,-2.0117583,-2.1884432
2968,1.1458298,-4.6515045
2969,5.0200043,-0.880158
2970,2.0629478,-2.9294114
2971,-0.14786889,-3.5419526
2972,1.9237233,1.8114806
2973,-4.2227674,0.11809616
2974,0.005847047,-4.700342
2975,-4.509584,3.7608216
2976,-3.1479359,0.2168073
2977,-0.85135895,4.8585286
2978,3.424204,-3.1119018
2979,-4.374859,0.9982037
2980,3.9350803,-0.14415427
2981,3.7900605,3.8429244
2982,4.583463,-4.5659823
2983,-4.3498316,4.7245216
2984,1.8935381,1.215404
2985,2.841318,-1.2657346
2986,1.9095696,-2.387267
2987,0.9942669,1.729541
2988,0.029050024,-3.539351
2989,1.217908,2.4533882
2990,-0.5636505,-4.2781363
2991,-2.6365542,1.1656239
2992,-1.7151197,-1.5746617
2993,-1.1699831,-1.9160395
2994,2.1543047,-1.3618923
2995,-4.46383,-3.393157
2996,-4.191222,3.2522829
2997,-2.2964609,1.7269278
2998,-2.7408206,2.0170605
2999,-3.312125,3.706989
3000,-3.9888513,3.739033
3001,5.1022024,4.6157756
3002,-3.4822795,-4.0748
3003,-4.2825065,3.9655735
3004,0.59836537,0.3432968
3005,-1.9464928,2.5866477
3006,0.6949449,0.037248846
3007,-0.80109674,-1.3473079
3008,-2.6835172,2.569055
3009,-1.0079912,-2.165549
3010,-1.4904058,-1.6583405
3011,3.0505767,-2.1184456
3012,4.0564003,-4.2953196
3013,-2.0718458,2.9218621
3014,-1.1333125,2.9649224
3015,-4.6572475,3.85271
3016,-1.6867117,1.5572948
3017,3.796838,3.3741093
3018,-0.8181004,-3.3546407
3019,-2.3539875,-2.5493004
3020,-4.6995296,3.67572
3021,-0.4032835,3.1156707
3022,-3.3917532,0.5048997
3023,3.433059,-3.903995
3024,-4.048758,-3.469485
3025,-1.5317215,-2.6181324
3026,0.9157397,0.6965559
3027,0.88089496,4.002677
3028,3.2681203,-0.37383726
3029,0.019125104,-3.1095908
3030,2.8408546,1.1408707
3031,3.4716525,-0.41333908
3032,3.0574594,-4.2283754
3033,4.842013,0.7030498
3034,-4.3620925,-0.06627048
3035,-3.1251097,-3.7505672
3036,0.3516524,4.224012
3037,0.16343191,-4.841424
3038,-0.40157044,4.5176153
3039,-1.4888711,2.0044444
3040,4.6879487,4.858363
3041,1.0073767,3.1909056
3042,-2.9589007,-2.5702908
3043,4.558864,4.499832
3044,3.3941548,3.211733
3045,2.2477837,1.1975948
3046,3.1834939,-3.756324
3047,-4.1377764,4.178053
3048,0.74834865,-0.6639163
3049,-4.087589,0.57566243
3050,5.0298886,-3.4129202
3051,2.0757427,-1.2360386
3052,-4.306394,-3.3750784
3053,0.11489688,-0.35771024
3054,0.8033626,-3.5415506
3055,3.8980806,3.6564534
3056,3.6902683,4.969724
3057,2.5632007,2.2264097
3058,0.30946994,4.9891434
3059,1.0742886,1.6759882
3060,-4.592299,3.3977194
3061,1.8290215,-2.0403183
3062,4.675499,0.20438498
3063,2.1536999,2.3150682
3064,-0.9026066,3.1839337
3065,-1.8478019,-1.931725
3066,-3.663655,-0.63055116
3067,1.7721205,-1.7974328
3068,0.5658642,4.730217
3069,-3.1756697,0.7121797
3070,0.406246,-3.0493517
3071,-3.3445575,3.6487837
3072,0.59614986,4.276396
3073,-4.453843,-3.5202775
3074,1.0656397,2.2001777
3075,4.5212703,-3.7642798
3076,-3.1829114,-0.2775316
3077,2.7241986,1.325831
3078,-4.466255,0.48637757
3079,2.956667,2.734354
3080,-4.6506176,0.08770981
3081,0.11607863,0.84841335
3082,4.2730117,-3.708754
3083,-0.58926654,-0.506235
3084,-3.033159,0.46700376
3085,-0.21709819,0.741428
3086,-1.5428176,2.7466373
3087,-3.491018,-0.5295366
3088,4.7261534,3.9921584
3089,2.7290707,-0.9817599
3090,2.199909,1.9119599
3091,-0.34465432,3.2854242
3092,0.9309362,2.6936371
3093,2.8107932,-2.679484
3094,3.4667084,0.615624
3095,-3.8466704,4.3470883
3096,4.9715276,-3.6495326
3097,-4.503385,3.4511456
3098,-4.0402246,-0.57405245
3099,4.3226047,-3.4197898
3100,0.7194967,-3.195679
3101,-2.4480994,-1.8649889
3102,-4.2008257,-0.9827953
3103,-1.2240738,2.580612
3104,-0.86367494,4.4393687
3105,-3.1528366,-3.2270136
3106,-4.7582383,0.9770238
3107,4.924004,-0.5394818
3108,4.27704,3.4372396
3109,-2.4067066,-3.0263538
3110,4.239001,4.637571
3111,-3.556381,3.1039226
3112,4.004611,3.4604137
3113,-0.4478886,4.151912
3114,-0.03534329,3.974872
3115,-3.560364,-4.9973793
3116,-2.8106437,1.2170134
3117,3.1382823,2.287902
3118,-4.586354,0.22503588
3119,-0.6095767,-3.2048235
3120,-4.487209,0.54927206
3121,-3.5377927,-0.8213634
3122,-2.4865508,1.436544
3123,-3.690192,0.13010165
3124,-0.16209826,-4.4081483
3125,-0.12987559,4.0663333
3126,-3.2408772,-0.029089103
3127,0.3058475,-4.4842854
3128,-4.8952594,-4.642769
3129,-1.9569046,-1.653705
3130,-4.648901,-3.1997924
3131,0.29287726,3.3059275
3132,3.3259516,0.5696556
3133,-2.2429245,2.8815053
3134,-4.9838533,4.8094974
3135,3.4701827,4.4409485
3136,4.5330024,-3.9916897
3137,4.002249,4.11212
3138,-2.3576586,1.7342447
3139,-3.5359397,3.3195055
3140,0.74317217,-0.120579466
3141,-3.5100718,-0.48984045
3142,-4.485544,3.7514546
3143,3.701744,-3.0075827
3144,-4.695178,0.33956257
3145,-0.41250843,-0.32156533
3146,-3.3123662,3.2601717
3147,4.677545,1.07352
3148,-2.9255772,-3.4031932
3149,3.3226228,0.36149955
3150,4.028988,-4.6813464
3151,-0.6417044,-3.5655005
3152,2.7077842,2.6621087
3153,-3.44637,-0.014687705
3154,2.71147,2.7371662
3155,-1.4910527,1.5468789
3156,2.1988738,2.081242
3157,4.1828156,-3.7941446
3158,-2.206511,2.2619061
3159,-4.125139,3.35907
3160,-2.1891108,1.9634992
3161,-5.236269,3.6121461
3162,1.6426015,-2.6257076
3163,0.05892972,-3.737548
3164,1.1470747,1.7149308
3165,2.362229,2.715288
3166,-1.3071598,-2.6121376
3167,-4.6890535,4.1825004
3168,-4.456862,-0.062463474
3169,3.5011423,0.36311248
3170,2.985738,3.5189314
3171,3.1942604,-0.07626838
3172,-4.159818,4.5058947
3173,-4.0087404,-0.49499065
3174,0.35118863,0.11979643
3175,-2.9779508,4.6707597
3176,1.0974077,-1.0518692
3177,-0.95005244,-4.0378895
3178,-0.66830385,-0.63907665
3179,2.8222625,-2.7678707
3180,-1.1917226,2.3393033
3181,-1.7023534,1.3656224
3182,2.3863945,-1.5893879
3183,3.1213822,-0.53158253
3184,-3.8297548,3.05245
3185,3.1644053,4.267985
3186,1.2643764,-0.9660382
3187,-3.733881,3.411408
3188,-4.094874,0.56064755
3189,-3.944804,-0.880095
3190,3.040065,-1.7676574
3191,-3.717842,-0.39818388
3192,0.60279846,-2.98706
3193,-0.45836908,-4.447043
3194,3.2730882,0.45086527
3195,-3.4024198,-4.0518513
3196,-3.33573,-0.6062929
3197,-2.7538588,-2.815271
3198,1.6731918,1.710859
3199,0.836468,-4.111962
3200,0.9113459,1.739487
3201,-4.679609,0.13124281
3202,3.3084939,3.882551
3203,-4.110517,-4.894184
3204,-0.29888064,-0.878352
3205,-3.108282,-0.67190117
3206,0.48547634,4.801494
3207,3.1285696,-3.1660461
3208,-4.6730723,0.81259984
3209,3.073542,1.1255336
3210,-2.271096,1.5440351
3211,-3.8170195,3.529369
3212,2.8355258,0.91454136
3213,0.085177585,0.054393977
3214,-1.9704503,-2.3708885
3215,-3.2409253,3.6851492
3216,3.3361905,4.4319825
3217,-0.75460833,0.86662656
3218,-1.2075933,-1.2965466
3219,-2.0923958,1.5674459
3220,0.3681687,-3.7016158
3221,-1.9069729,1.3349433
3222,3.3709214,0.86393195
3223,0.06180255,3.752613
3224,-4.3339562,-0.55135494
3225,2.8904037,2.3350313
3226,2.053841,-2.7874353
3227,2.0888078,2.0330663
3228,0.99066585,-0.85339737
3229,4.364486,-0.56140727
3230,3.4780982,-4.07576
3231,-2.4573817,-2.4484055
3232,-2.8849926,1.4978125
3233,-3.7047763,-0.2534216
3234,-3.2210097,4.952307
3235,-3.655903,-4.3882823
3236,-3.9051828,-4.5811753
3237,3.750713,0.72860664
3238,4.692803,-3.70412
3239,0.124401234,3.842778
3240,3.6288745,-0.5619069
3241,0.1385174,-4.8155
3242,3.1651747,-4.6794443
3243,-0.64315444,4.27266
3244,4.3223343,-3.766983
3245,1.647991,1.1387713
3246,4.6434555,-0.8335525
3247,2.5472798,2.6263087
3248,0.7158435,0.8921562
3249,-3.4016554,-4.6176505
3250,-4.1859035,-2.9765854
3251,2.5386512,-1.6007485
3252,-0.748307,3.9837878
3253,-4.3642235,-0.18837264
3254,4.289184,5.067605
3255,-2.9776864,-0.41396922
3256,-2.1862123,2.8328555
3257,3.555533,-4.6813626
3258,-1.0500147,-4.5346446
3259,-0.34941545,-3.439973
3260,0.42284682,-0.3589646
3261,-2.7261443,3.0184383
3262,-1.8447024,2.885343
3263,2.149153,-2.2376492
3264,4.109909,3.762774
3265,3.430511,-0.89064455
3266,1.6015269,-2.0887723
3267,2.6351316,1.0520922
3268,-4.7643623,0.06232274
3269,-1.1240929,-1.0498277
3270,-0.97302026,-2.4984496
3271,1.1348759,2.776668
3272,-1.9313381,-2.7218847
3273,4.305511,3.758164
3274,0.7723929,-3.5441825
3275,-4.061827,-3.2794306
3276,-1.8219203,2.028611
3277,4.3891187,-0.73400104
3278,4.848983,3.8277128
3279,1.145248,2.7816463
3280,3.9107943,4.271728
3281,0.23405433,-0.6485644
3282,3.3266733,-3.87138
3283,-2.9705627,-0.615644
3284,3.2430236,-0.20604664
3285,-3.3291776,-0.49727103
3286,-5.0321937,-0.40462342
3287,3.6515691,-0.8718829
3288,-0.99148864,0.5399403
3289,-4.555614,0.8082723
3290,3.6774302,4.079313
3291,1.8220451,-1.2797244
3292,-3.8022623,-0.8792476
3293,1.7275472,2.368916
3294,-0.58456314,-3.3135386
3295,-1.1836537,1.3447157
3296,3.4110634,-4.308366
3297,-1.3609219,-1.474647
3298,0.15947267,4.193039
3299,0.8240206,-0.50554603
3300,4.551697,1.0548091
3301,-3.589009,-0.15192227
3302,3.8791983,0.1990031
3303,-1.0108316,2.5613046
3304,0.90895694,1.3377972
3305,3.432849,-0.19550511
3306,-1.5699759,2.4990764
3307,-2.3230848,2.0260541
3308,-2.442914,1.4184151
3309,-0.1359623,-3.9134665
3310,-1.7632265,2.1191883
3311,2.8462443,-2.192449
3312,-3.4914398,-0.1677748
3313,-2.771918,-1.8825232
3314,3.2905996,0.313677
3315,-0.8346439,3.0067203
3316,-0.5337313,3.44198
3317,-1.4031659,1.6869806
3318,-3.3800645,3.5859683
3319,5.1433434,4.573761
3320,-4.990912,-4.882301
3321,-3.2846327,-3.5204775
3322,-2.642495,2.3358393
3323,4.120531,-0.2650259
3324,2.8764296,1.4265709
3325,-1.6605681,-2.43104
3326,-2.0916154,2.313747
3327,1.6831021,-1.212875
3328,-0.2876092,-3.6240656
3329,0.2949663,4.212073
3330,-4.8194785,3.4428084
3331,2.570592,-2.0469959
3332,-1.622018,1.3537724
3333,1.5038261,2.400864
3334,-4.570433,0.49440363
3335,3.6442912,-0.90094554
3336,1.649126,-3.0119457
3337,-3.6565099,-4.743847
3338,-1.2291645,2.188236
3339,1.878856,2.322748
3340,-4.566502,3.817037
3341,-4.3196096,4.8464165
3342,4.6435156,-3.4926147
3343,2.748487,-1.458959
3344,-4.3856897,-3.476618
3345,-1.4603531,1.1872901
3346,1.9983748,-1.081161
3347,-4.218529,0.4892359
3348,2.4342544,-1.2857277
3349,4.1048203,3.7481642
3350,0.081172355,0.5462481
3351,-0.68527186,4.594938
3352,-1.3620999,-1.6735673
3353,2.5477188,1.418277
3354,4.5617023,-4.0557656
3355,-3.3384852,-3.6481194
3356,3.5773845,3.4861186
3357,4.3636384,0.3038953
3358,2.7998295,-1.259173
3359,4.149992,-0.48378047
3360,4.946103,-0.06472582
3361,4.9036994,-3.6549675
3362,1.2325243,-1.3712705
3363,-4.985352,0.0016598135
3364,1.5093677,-1.2223978
3365,0.013517346,-4.5328426
3366,-3.7312632,3.4161143
3367,0.52284557,-4.3422747
3368,-0.2753853,-0.12631355
3369,-1.2827737,1.7257322
3370,4.0732307,-4.9181604
3371,2.7336488,2.9429271
3372,4.586522,-0.5038547
3373,-0.9769828,1.428113
3374,-1.8647841,2.7181318
3375,-3.85418,-3.9410415
3376,4.0288196,-0.5522386
3377,1.4176627,2.7402325
3378,1.7260414,-1.9694858
3379,-2.804771,-2.2861025
3380,4.446314,3.41811
3381,-0.4186971,-0.44538844
3382,3.364629,-3.6979434
3383,3.7473783,3.5513995
3384,-2.8073413,-2.9148421
3385,4.255141,-4.956222
3386,-0.43571964,-0.14326736
3387,-0.78770584,-0.5849711
3388,3.4913566,-0.3515652
3389,1.4750261,-1.4481272
3390,4.4245787,-4.8600674
3391,-0.55329937,-1.1040026
3392,1.9939928,1.1173997
3393,-3.5969367,0.46474236
3394,3.8441591,-1.0237952
3395,4.556072,-5.1081934
3396,-3.4906418,-3.5771515
3397,-2.8210602,-3.2190795
3398,-1.6042036,-2.4760559
3399,-2.7984164,-0.9952477
3400,-3.0962713,0.2873112
3401,-1.7811285,-1.9638128
3402,3.5635214,0.61009586
3403,-0.24844803,-3.2895415
3404,-3.0498607,4.2568717
3405,0.05958928,0.452453
3406,-4.378312,-0.6452384
3407,-4.5685997,3.185327
3408,0.76844126,-0.8938136
3409,-1.0441101,-1.9034549
3410,2.985433,0.5843789
3411,-4.0630164,-4.593529
3412,-3.0743575,0.25248894
3413,3.3996472,-4.0770307
3414,3.7965407,-4.517174
3415,2.6138244,3.157568
3416,0.1928405,0.3677471
3417,4.4374557,-0.9838
3418,-1.8181795,-2.745726
3419,-4.7830105,3.9009135
3420,-3.9915414,-3.452091
3421,1.8275198,-1.5564097
3422,0.47038424,-3.9934497
3423,0.72403944,4.099499
3424,-2.124915,-1.5491921
3425,2.9718275,-4.794455
3426,1.1674635,-2.111939
3427,-3.8562202,-0.9734761
3428,0.82693356,-5.063512
3429,1.9252256,2.601056
3430,-3.5999599,-3.0968807
3431,4.1250553,3.4789891
3432,1.0127327,3.727212
3433,2.427572,-2.5636518
3434,3.144548,0.8290505
3435,-2.3707101,-2.0865097
3436,3.2456565,-0.45690754
3437,2.1753142,1.6222144
3438,0.06684689,-4.395304
3439,2.030851,2.0181084
3440,-2.0405488,-2.7791634
3441,-4.5973563,-0.347753
3442,-4.1233873,4.378451
3443,-3.015652,-1.5546119
3444,-3.9024227,-3.865979
3445,-1.2620738,-0.9334003
3446,-3.889851,-4.480933
3447,-4.637787,-0.84049845
3448,3.3249977,3.8379853
3449,5.2158012,-0.82112026
3450,4.298073,4.070757
3451,1.7376641,-1.3234074
3452,-4.374356,4.5685477
3453,3.7895586,-4.5848365
3454,-1.8264511,1.4553477
3455,-1.3267459,3.2340324
3456,-3.576305,0.7755607
3457,0.97691035,-3.0905263
3458,3.5026577,3.780896
3459,-2.5277226,-1.6430118
3460,4.8773303,-4.0593066
3461,4.1233754,-0.8025312
3462,-3.0120506,-1.4722102
3463,-1.4589356,-2.0647597
3464,2.8815787,-1.3210014
3465,0.30631638,3.25241
3466,-4.22634,2.9221852
3467,-1.6291498,2.9031358
3468,3.2726538,-3.5057971
3469,-4.4663224,4.0408926
3470,0.87560356,4.1199565
3471,2.0858247,-1.3261627
3472,-2.3688607,-1.5486653
3473,-0.27456954,-0.5439286
3474,1.5353489,1.0269396
3475,-3.303401,4.8278785
3476,3.1900752,-0.03248632
3477,-0.0013983698,0.73436064
3478,3.7397532,-4.18547
3479,3.5467436,0.08269354
3480,2.2632518,-1.0501547
3481,2.9165661,-4.02992
3482,-3.1897247,-4.8139696
3483,-1.9307983,1.3327633
3484,-0.26903903,-0.8229894
3485,-0.6396712,3.0857172
3486,2.3549662,1.5936692
3487,0.4841974,0.89354205
3488,-0.049698107,-0.47475943
3489,0.6040076,3.9849384
3490,3.9440625,-3.8716056
3491,-3.84106,3.4656749
3492,0.35529768,-3.6240575
3493,3.0327017,4.808984
3494,3.8256214,-4.7668943
3495,4.6999116,-0.5402097
3496,0.16750646,-3.1549726
3497,-2.1463323,-1.519376
3498,3.6505542,-3.2862089
3499,-1.746044,2.4157486
3500,-3.5095606,4.1134167
3501,5.0246124,0.7908258
3502,1.7392851,-2.1401699
3503,1.1160997,-3.0041823
3504,2.7424495,2.3578067
3505,-4.3118596,-3.2980762
3506,-0.07003029,-3.071387
3507,1.5810416,-1.1959635
3508,0.34186727,-4.0300994
3509,4.949725,-0.42158335
3510,2.4540367,-1.0893819
3511,-1.5178757,-1.9601758
3512,3.7904844,-3.9663188
3513,4.1090918,3.5939682
3514,-3.9499693,-4.426205
3515,-4.0252366,-3.6717691
3516,5.234571,-4.3207636
3517,1.6606939,0.99733907
3518,0.28996226,-3.6527917
3519,-0.4581489,-0.7262272
3520,0.67089224,3.6190963
3521,2.990426,-4.4961715
3522,-4.8834686,0.83587676
3523,-3.1322665,1.0022572
3524,-4.6253443,-4.2900643
3525,0.6804396,4.6966724
3526,4.593597,3.9400332
3527,-1.8113115,-2.3952055
3528,-4.268479,3.8855252
3529,0.89676285,-0.9004334
3530,1.8837326,-1.0818304
3531,4.6104584,4.338242
3532,-0.86969614,-3.0195909
3533,3.5609386,-4.122255
3534,-1.2224238,-2.9800909
3535,1.16952,-1.078817
3536,3.882699,4.707908
3537,-1.5833777,1.3143169
3538,3.7371743,-4.459863
3539,-4.933476,-3.4471917
3540,1.6780752,-2.2727695
3541,1.4287739,2.7104914
3542,0.8009684,2.9455328
3543,-1.8116729,-1.4023356
3544,3.8776653,3.4528685
3545,3.829793,0.20478706
3546,-1.038616,-3.6470356
3547,2.7045918,0.84360325
3548,2.5926979,2.5143676
3549,-0.39344156,-0.11693229
3550,1.1286564,-1.5965394
3551,4.098127,-4.4756746
3552,-0.16285253,3.4701366
3553,-1.8566017,-2.38912
3554,0.6060734,-4.3412194
3555,0.7514553,2.9690385
3556,0.1372762,-0.4847342
3557,-2.4922352,-1.0683373
3558,-0.4687347,-4.7797318
3559,1.6057633,2.4364672
3560,-2.8450918,-4.2754374
3561,-3.4030142,0.62649834
3562,-4.5522394,0.9369213
3563,3.3297634,3.5274627
3564,-0.0059247133,3.7696705
3565,-3.96652,-0.38303813
3566,-0.8786816,-4.6800222
3567,0.3060682,0.786846
3568,3.5900996,-3.3729632
3569,-2.2650611,1.8196791
3570,-3.1804645,3.8593378
3571,4.565152,-0.27739072
3572,2.5865617,1.0769719
3573,-3.1419587,0.87078494
3574,-1.2091501,-2.645249
3575,0.1064626,3.924416
3576,2.8187032,1.1908765
3577,-3.787757,4.0262704
3578,4.1230593,-0.13200808
3579,-4.2695823,-0.50398827
3580,0.61199576,-0.8990016
3581,-4.501371,4.8047056
3582,0.75931156,4.5145974
3583,1.234096,-2.5892365
3584,4.2392545,3.420239
3585,-1.4186697,1.6356789
3586,-3.9352798,3.297168
3587,4.418717,-5.0260196
3588,-0.9287734,-4.6236396
3589,-0.69349587,-3.4580002
3590,-1.3264222,-1.6074547
3591,-2.637019,-1.833325
3592,2.4435768,1.5267706
3593,-1.8732439,-2.5208836
3594,2.3935483,2.023241
3595,-2.8561578,2.1962256
3596,3.2914233,4.396211
3597,4.1888595,0.97198874
3598,0.39920083,-3.1370537
3599,-3.414356,-0.23866427
3600,3.7537973,0.7167778
3601,-4.3988886,3.6990328
3602,3.809539,0.15245458
3603,-3.781406,-3.720636
3604,-3.7770402,0.5047452
3605,2.2857683,-1.4322934
3606,-4.333224,0.85069793
3607,0.5334479,4.007615
3608,3.8391964,-3.5727096
3609,4.0503387,4.3949413
3610,-2.769089,-2.0486953
3611,-4.3337965,3.1893034
3612,0.58338976,3.8024168
3613,1.1804804,1.8138595
3614,2.927538,-1.5448608
3615,-2.2817016,-2.8489518
3616,-0.23057023,-4.5263953
3617,-0.13426681,-3.2579572
3618,-0.746872,4.2658267
3619,-2.9610298,4.5737453
3620,-1.2558607,-2.4694207
3621,-3.406164,0.110250436
3622,-4.084638,0.020082422
3623,2.5375862,2.5313683
3624,2.9476354,0.28340024
3625,0.22236855,-0.8877487
3626,-1.44797,-2.2721057
3627,-1.2590809,2.0678453
3628,0.56380737,4.187006
3629,2.650424,3.0271924
3630,4.4796867,4.380264
3631,2.5989609,2.2184317
3632,3.7054102,-3.202107
3633,0.5482012,-4.323776
3634,-0.07156316,-0.5369038
3635,-3.8183184,-4.3428187
3636,-1.453849,-1.989282
3637,1.5262896,-2.7185597
3638,-1.0664451,0.81591976
3639,0.03368402,3.3541944
3640,-2.3611758,0.99398977
3641,-0.6179374,0.41235346
3642,3.9344108,-3.504449
3643,2.2767973,-1.8607584
3644,-4.308086,-0.14759359
3645,1.0598933,2.1476822
3646,0.3212855,4.658102
3647,-0.9319364,-4.0001063
3648,-3.1373737,-3.3884304
3649,-0.68291,4.0878453
3650,1.1084085,-1.7443221
3651,-3.5724373,-0.5215786
3652,0.90593165,-3.850155
3653,-2.7114263,-1.0828588
3654,0.8421573,3.5010073
3655,4.54053,-4.3606925
3656,0.90700406,-3.0272098
3657,4.3864865,4.01261
3658,-0.674538,-0.71022403
3659,1.2328231,-2.891548
3660,-4.7414274,3.4192488
3661,2.7619963,1.4665159
3662,-3.5850995,-3.5934162
3663,1.3357577,2.459275
3664,2.8675158,2.7204564
3665,-1.5861351,1.4555575
3666,2.906285,-4.799461
3667,-0.6284704,-0.94805384
3668,-2.1226542,-2.8769987
3669,-3.2051644,-3.054519
3670,-1.405108,2.1953554
3671,-3.529145,-4.4546
3672,-3.6816282,-0.7958195
3673,-2.7027116,-1.4474677
3674,-3.9694781,-3.1026726
3675,3.3524973,4.5480127
3676,-1.9227141,1.7007158
3677,-1.395539,2.5481596
3678,-2.7779155,-1.0565517
3679,2.199771,2.4692042
3680,3.6736715,-0.10287247
3681,-1.2099305,-2.7723851
3682,2.3362544,-1.9649376
3683,2.420747,1.9241054
3684,-0.14565288,-4.0666523
3685,4.5886226,4.5848956
3686,0.32178208,4.4806757
3687,2.8441103,-2.2672284
3688,-4.0201693,-0.56711936
3689,-3.0664263,-4.0616055
3690,-1.5321597,-1.3767893
3691,-3.5724957,0.10630743
3692,4.000867,-3.4190407
3693,2.455711,1.6003234
3694,0.43222174,4.139136
3695,-2.989754,-2.0466921
3696,1.7278805,-1.7384893
3697,0.09294114,-3.8465235
3698,-1.2033925,0.7878109
3699,3.6598823,3.8761218
3700,3.675936,-3.7631364
3701,2.2433555,-2.4379892
3702,-1.051931,2.1585205
3703,0.93516964,-0.8876998
3704,-1.0489757,-1.259375
3705,-2.9424736,-3.1770282
3706,0.42372075,4.512176
3707,-3.028287,-3.3627875
3708,-1.0775757,-1.4354186
3709,5.013084,3.9572644
3710,3.98661,0.7206986
3711,3.426535,3.5111585
3712,-2.4264297,-2.16821
3713,2.6620173,-2.281344
3714,-3.7359588,-4.386589
3715,-0.25599155,0.61349237
3716,2.6048834,0.59149677
3717,-3.0759842,-4.789596
3718,-2.470277,1.9880725
3719,-3.3235319,-3.2895403
3720,-1.0642265,2.118025
3721,0.61652845,-0.28695384
3722,0.40003604,5.027899
3723,-1.7482285,-2.8221297
3724,-0.8454962,-3.7407424
3725,-0.520287,0.2825413
3726,3.3460767,3.062929
3727,0.3488906,-3.7028465
3728,-1.7429289,-2.3266225
3729,4.2568173,3.8742476
3730,4.4692607,-3.4939525
3731,-3.1821039,-0.29311797
3732,4.25897,0.4812604
3733,-3.4439597,-0.08806861
3734,1.6696404,2.8825903
3735,-4.580076,-0.5606837
3736,3.95817,3.6781304
3737,3.4880714,-3.0878572
3738,-4.054884,3.1512022
3739,-0.7855248,-0.10121115
3740,-3.684986,0.82849056
3741,3.5990014,-4.1871285
3742,-2.743881,1.7750378
3743,-0.6983938,-4.2981677
3744,-2.2331436,-1.5642424
3745,1.7288271,-2.9952366
3746,-3.6396124,-0.3732677
3747,2.4559746,3.1073472
3748,3.2995129,-4.1934915
3749,-2.8707166,-1.7108995
3750,-3.137878,2.9540098
3751,4.367792,3.0265386
3752,-1.0627218,-3.1772676
3753,-1.003508,3.4511929
3754,4.6618705,-3.4777806
3755,-0.96640325,-2.017853
3756,3.947073,-3.24026
3757,4.065825,-0.5967663
3758,-3.0542474,0.8278704
3759,0.574191,-3.7052078
3760,0.5756726,0.047612213
3761,0.16118847,-4.569951
3762,-3.2993164,-0.9083404
3763,2.241393,-2.4729064
3764,0.6365811,0.3178236
3765,-3.2031026,-3.3837626
3766,-3.6590502,4.069499
3767,-3.563717,3.6977494
3768,0.85043097,3.1016564
3769,-3.9317544,-5.14501
3770,0.60397,4.683979
3771,3.2426848,4.168922
3772,2.5378113,-1.1870081
3773,-0.6313938,-4.942265
3774,-0.066483565,-0.6398849
3775,4.023748,4.8250585
3776,-4.3776374,-0.17200151
3777,1.3192259,-2.9248571
3778,-0.5510887,3.142855
3779,0.78810483,3.7998123
3780,3.8920994,-4.3451977
3781,-3.204901,-3.35638
3782,-2.5335107,-2.5445478
3783,3.7044628,-3.1580548
3784,-1.9239244,2.0413918
3785,1.654873,2.5057073
3786,0.5358708,4.7515926
3787,4.255798,4.380158
3788,-2.8628712,2.1793437
3789,2.9993153,3.6879196
3790,4.800985,0.21489242
3791,-0.9658509,-4.710077
3792,-4.570229,-0.15361328
3793,1.6010516,-1.1010351
3794,3.4331641,3.1724274
3795,4.083595,4.4345427
3796,-0.49670854,3.0969117
3797,3.081755,-3.8389158
3798,3.7384672,4.1582704
3799,-5.012012,0.20672663
3800,0.2572864,-3.087681
3801,0.26556695,-3.826575
3802,4.441016,-4.5231233
3803,-1.6524315,2.1096785
3804,3.8409064,-1.0439425
3805,4.983214,-5.0786014
3806,3.3676538,4.663523
3807,-4.594176,-0.7582348
3808,-3.4941325,0.4965984
3809,4.2461567,4.806038
3810,4.0512424,3.0294287
3811,-2.2723343,2.6080062
3812,4.437829,-0.040401023
3813,0.44233432,4.6270356
3814,0.85019857,0.13507143
3815,-4.1172028,4.532643
3816,-2.7933838,2.1991093
3817,-0.70906794,-3.5361009
3818,-3.165341,-0.18406896
3819,0.21016964,0.94527674
3820,-0.51828176,-0.56187975
3821,-3.4428778,0.46260998
3822,2.7721443,-1.8062117
3823,4.7624655,-0.88469714
3824,-1.8406292,-2.5003374
3825,-1.1772044,-2.8762748
3826,1.319218,2.1827333
3827,1.2052306,1.7382253
3828,-3.7578084,-0.17238145
3829,-4.954263,4.5524344
3830,2.6245544,2.0035794
3831,4.2868485,-3.366818
3832,-4.0382423,0.72007936
3833,-2.364222,-2.895765
3834,1.708454,-2.55727
3835,4.9320645,-0.17474484
3836,-2.4587932,2.9284568
3837,-0.8160735,-2.4518578
3838,-3.551527,-4.142027
3839,-3.3155642,3.2514865
3840,-0.28727803,3.8029106
3841,4.38531,4.4870834
3842,0.12888043,-0.2399134
3843,4.959573,-0.6826698
3844,-4.3669386,-0.60905004
3845,3.1002448,0.015703276
3846,3.7852223,0.7887054
3847,-4.4709373,-4.073609
3848,2.580372,-2.1611419
3849,-4.308701,-4.7201076
3850,4.273029,3.649582
3851,4.9332523,-3.2018814
3852,-4.507326,0.72149736
3853,-4.7514086,-3.6820786
3854,-0.3625543,-4.575559
3855,-3.7730637,-0.682269
3856,-0.9530333,-2.085912
3857,3.1398757,2.9933164
3858,-3.8689182,-3.2279212
3859,-0.21042612,-4.2466135
3860,-1.305656,-2.3560517
3861,0.14069979,0.89895403
3862,1.3909764,-2.5979187
3863,4.4763613,4.203247
3864,3.487824,-4.00378
3865,0.7161117,-3.733078
3866,-0.011529144,-3.385322
3867,3.9253874,-3.3277278
3868,-3.8835692,-4.196416
3869,-1.9979373,-2.6993728
3870,-4.3665257,0.6745973
3871,-3.3902514,-0.7887276
3872,0.6268811,0.8570647
3873,2.0453315,2.1211684
3874,2.440791,2.8935943
3875,-1.9916916,-1.3360157
3876,-0.43750787,0.5102208
3877,-1.3058316,-1.8477024
3878,-4.4354644,-3.693169
3879,0.10456304,4.2145452
3880,3.7881365,4.2930193
3881,-4.1810675,3.1404333
3882,0.26458028,-0.06623315
3883,1.150894,2.4633234
3884,2.901187,1.4413166
3885,-4.3976517,-3.735047
3886,-4.4591284,0.90527934
3887,1.8328648,-2.6703398
3888,-1.0972527,4.2551293
3889,-4.3894477,3.8720348
3890,-3.6259916,-0.93755144
3891,-1.1996886,1.916425
3892,-2.8774579,-1.9231813
3893,-4.7604055,-0.013798427
3894,3.4995434,-0.65762955
3895,4.336984,-3.6121283
3896,-0.6764393,-0.96273214
3897,-2.5090141,2.136215
3898,2.0901215,3.156125
3899,0.23244424,0.38251346
3900,1.9268618,1.8622202
3901,-4.5053864,-5.2031097
3902,0.064638264,0.82296973
3903,-2.3152003,2.8071563
3904,0.45018452,0.11110058
3905,-0.8246814,-3.2228968
3906,-0.53203887,-3.262146
3907,2.8874285,-3.5631857
3908,3.5056603,0.9657925
3909,3.6767821,0.50068593
3910,-0.651166,-3.180992
3911,-0.41987935,-4.6515493
3912,-2.2449033,2.041358
3913,2.414104,2.7062435
3914,-4.1727653,0.94638544
3915,0.19639258,0.33073565
3916,-3.2818336,-3.6108744
3917,4.4806232,-3.8424997
3918,4.13287,-0.80096555
3919,1.9623492,-1.6745778
3920,0.21885578,-4.02299
3921,4.347869,-0.549195
3922,3.1611338,-0.333232
3923,-3.4448652,4.7759395
3924,-0.1589206,-3.29633
3925,1.3717136,-2.7715108
3926,-4.2881875,0.38273013
3927,-1.8714508,-2.7235982
3928,-2.2247593,2.302894
3929,3.0889888,0.31085768
3930,-4.524485,4.87543
3931,0.69564414,-3.6593854
3932,0.95474434,-4.603385
3933,4.2760468,4.145138
3934,4.6375365,-0.83516717
3935,-1.9907975,1.0407466
3936,-2.9862785,1.8204052
3937,-0.7440127,-3.322101
3938,2.1204329,-1.6891106
3939,-0.3724842,-4.0417385
3940,0.0046517528,-4.6970477
3941,-3.7238264,0.43972844
3942,-1.8699782,1.4482708
3943,1.2938336,1.6150857
3944,0.14217554,-4.1818986
3945,3.195172,0.40411177
3946,2.6123018,-1.6554179
3947,-3.905715,4.7885876
3948,-4.900912,-4.1782174
3949,4.3689313,-3.6753597
3950,0.29737744,-0.6522317
3951,-0.76869804,-0.47046167
3952,-3.518511,4.137961
3953,-0.96404165,-0.74039626
3954,-3.754531,-3.2759147
3955,-0.63382334,-3.8307118
3956,-2.147669,2.1494024
3957,3.5084994,0.117018394
3958,3.9330633,4.2083297
3959,0.5984413,-3.1820686
3960,-3.991531,4.6332054
3961,-0.38799825,-3.0901895
3962,-3.7369788,-4.4279838
3963,-2.1375015,-1.0710993
3964,-2.4905348,-1.3922104
3965,4.5252814,0.8650188
3966,3.5247004,-0.61545414
3967,-2.1403646,-2.4283102
3968,0.35858288,4.000278
3969,4.51551,-3.6976483
3970,0.41082546,3.4538634
3971,1.1661658,-2.0207152
3972,-3.5490794,-0.60606766
3973,4.908812,0.008718918
3974,1.7292473,1.3159858
3975,-3.4403887,4.2651815
3976,-3.1367126,0.18934776
3977,-4.708284,-0.09884356
3978,4.668465,4.7136965
3979,-3.6580338,-3.5856915
3980,-3.783588,-0.8372881
3981,-4.4359617,4.3219695
3982,2.1418643,-1.8913264
3983,-3.038312,-1.1112287
3984,-3.7918499,-0.6895689
3985,1.8625681,-1.9138263
3986,1.3458468,-2.5911505
3987,-0.06458209,4.379137
3988,-4.3762097,-0.4026788
3989,-0.2046111,-0.75623554
3990,-2.6275935,-1.3554889
3991,4.534377,3.1569118
3992,2.9017355,3.9278662
3993,4.5958223,3.8587549
3994,-3.1953661,-0.8447558
3995,-2.1128478,-1.3643034
3996,-3.2969139,-3.327525
3997,4.7046514,0.48524615
3998,4.7063127,0.8201186
3999,4.512033,2.9678187
4000,-4.6252403,4.78878
4001,-2.2193904,2.8405356
4002,3.021785,0.7548484
4003,0.24654679,-3.4369001
4004,1.2201754,-1.8491335
4005,-3.6953437,3.7221103
4006,-1.5933721,1.9275657
4007,0.9297242,-0.8592163
4008,0.45086747,-0.838412
4009,-4.505899,-3.2480679
4010,-2.815775,-0.9122431
4011,-4.8592153,-3.6980243
4012,2.089821,-2.8748095
4013,1.6445818,-2.7462964
4014,-0.9710988,0.7015196
4015,4.939452,-3.3568096
4016,0.12644656,-3.6007407
4017,0.2222801,-4.643056
4018,4.2654643,0.8052083
4019,-3.414194,4.726335
4020,2.8162029,1.2543728
4021,3.6820219,4.3625975
4022,-2.5792053,1.7942239
4023,-4.0377603,0.7248014
4024,0.22051153,-3.8868685
4025,2.662974,-1.9833552
4026,1.0841919,-2.6395247
4027,-2.4778218,-1.4815731
4028,-3.4701943,-4.3196187
4029,0.36194828,-4.1118846
4030,0.41852257,1.1726424
4031,3.087515,0.90363723
4032,2.9225287,1.7545084
4033,-1.2968321,-2.1982546
4034,-0.6545833,-0.6664484
4035,-4.721775,3.838918
4036,-0.87918675,-0.36989507
4037,-4.284735,-4.6396637
4038,-3.422589,-1.0496876
4039,3.137289,3.1474316
4040,-3.4448342,-3.0675018
4041,-3.2792683,-0.10704608
4042,2.0465713,2.7545893
4043,-2.0151691,-1.3856556
4044,-3.3803587,3.4320962
4045,2.7048135,-1.6830332
4046,-1.3050609,2.5312216
4047,-3.5618856,-0.4083215
4048,-1.6251101,1.9041877
4049,0.30549648,-0.9369089
4050,-1.5874133,2.5714111
4051,-4.8281546,3.5671623
4052,-4.0679164,4.569035
4053,-4.383444,-4.7556877
4054,2.607732,1.9886248
4055,-2.1130202,1.8823367
4056,-4.5161858,0.08099706
4057,2.3025649,-1.4462566
4058,-2.2359047,2.120885
4059,-1.4793829,-3.0043967
4060,-1.2483584,-2.573333
4061,3.8922436,3.2259681
4062,3.5829287,-4.529414
4063,-4.920334,-4.201239
4064,3.7966816,3.7277508
4065,-0.5677164,-3.4589393
4066,-0.2769506,0.09591898
4067,4.8587694,-0.5953764
4068,-2.9841285,2.6553032
4069,-3.6751397,-3.3439853
4070,0.48872733,-4.742424
4071,2.8590825,-1.2373269
4072,-3.004472,-2.1387448
4073,2.7594094,1.6617082
4074,3.6415393,3.5000691
4075,-2.2246315,1.1199751
4076,2.5651548,-1.0735537
4077,4.462714,0.79307765
4078,0.99646544,4.347188
4079,-3.0311613,0.81604517
4080,-4.8559585,0.7826305
4081,3.0837939,-4.576668
4082,3.2551777,3.1908278
4083,-1.8756186,1.3147802
4084,-3.9863808,4.249026
4085,-1.1796589,-3.22797
4086,-4.8787622,4.741475
4087,-1.8271738,2.2872577
4088,0.65345407,-4.315577
4089,3.866696,-3.2142594
4090,3.4735615,-3.5870707
4091,-0.57238513,4.16222
4092,-1.7740707,-1.3004966
4093,-4.032145,-4.240985
4094,3.9876335,4.8164864
4095,3.5064437,0.7495283
4096,-4.19103,3.7721746
4097,-4.2273755,-0.20369081
4098,3.1016026,-0.8274429
4099,2.5744505,3.0206296
4100,-1.2470429,1.3632969
4101,4.513044,0.1981453
4102,-4.834936,-4.1283383
4103,0.23517469,3.484426
4104,-5.142703,-0.00315047
4105,1.0649108,-0.802488
4106,4.419159,3.828463
4107,-0.25851578,-0.09696285
4108,0.9380262,2.8969967
4109,4.5907817,0.9594758
4110,0.04532072,-4.799385
4111,-3.1476228,-4.630763
4112,-0.9638014,-3.7878075
4113,0.16221943,4.8830814
4114,0.40253046,-3.8611584
4115,4.736836,4.2291718
4116,0.23112181,3.778018
4117,0.015191296,0.33571565
4118,3.9200034,-3.961479
4119,3.1811876,-0.21079928
4120,3.4443998,-0.46805078
4121,-2.0464041,2.2516274
4122,0.6108654,-0.6688105
4123,-2.6520824,-1.1873822
4124,-1.1915373,-2.3106062
4125,-3.5293093,-2.950009
4126,4.383559,-4.0321684
4127,-4.024634,4.5092397
4128,3.4222314,0.46828684
4129,-0.9831277,0.35572731
4130,-3.426658,-3.9709768
4131,3.990398,4.183852
4132,1.1917477,1.7087511
4133,-1.1253934,-2.4219074
4134,1.4609767,-1.0968177
4135,-0.3102977,-3.9644694
4136,-2.537496,2.5433543
4137,-0.35316685,0.09875041
4138,1.2561332,1.0433539
4139,3.7208333,0.6678175
4140,-2.6875436,1.7950623
4141,-3.859009,4.1910963
4142,-1.5762297,2.0224247
4143,-0.4291605,4.1835723
4144,-3.4537702,-0.69889903
4145,1.2827924,-2.260554
4146,-4.2172303,-4.5888886
4147,4.504027,4.7468348
4148,0.06625346,-0.71842533
4149,-0.42504555,3.1880908
4150,3.1397045,-4.870506
4151,-4.1981473,-4.8131695
4152,1.7051678,1.6996369
4153,-2.0715759,1.2547268
4154,-3.2781117,-2.891463
4155,3.6260095,0.37886545
4156,0.57030416,0.6309173
4157,-3.2467647,4.40593
4158,1.9412619,1.9789118
4159,-5.038373,-4.3731956
4160,-1.9389288,-1.1749886
4161,-2.9202132,2.6377804
4162,4.665422,-4.0774255
4163,3.5195785,3.7936373
4164,2.1191266,1.4042065
4165,2.9107826,-4.693779
4166,4.102478,3.2676144
4167,3.725329,-3.159453
4168,4.647518,4.7483344
4169,0.24514495,0.033735365
4170,-3.306512,-4.1581054
4171,-3.0235112,-4.189546
4172,0.909361,-0.12987019
4173,0.35800904,4.294566
4174,4.4286265,-4.276359
4175,1.5092628,-1.5556341
4176,1.0706457,-0.2503913
4177,3.5989223,-4.072002
4178,4.7185106,1.0106008
4179,0.67664623,3.9850245
4180,-0.039594922,-3.3840759
4181,-3.1492517,4.309606
4182,3.2861288,3.8485072
4183,1.9134458,-1.4207418
4184,-3.7216222,-4.930367
4185,-0.6667212,3.2756255
4186,0.7892126,-4.4902315
4187,-3.5480745,3.0800636
4188,-4.424685,3.6778262
4189,2.4053874,1.2422462
4190,-1.7373505,1.7530688
4191,-2.8671975,-1.7786682
4192,-4.478711,4.655156
4193,-1.5372027,-2.3059003
4194,-3.067236,3.4512713
4195,4.6233273,0.7021216
4196,-1.6803118,2.275059
4197,2.4114587,-1.9879967
4198,-4.028723,3.6818464
4199,-4.8297324,-4.8508053
4200,-0.43646735,0.76891625
4201,-0.11552057,-0.75207496
4202,0.7704723,-0.53262013
4203,-1.9599928,-1.134279
4204,1.7352561,1.6061795
4205,5.1055613,-4.6829057
4206,4.046015,-3.567895
4207,-4.710829,-2.8740518
4208,-3.4022963,-3.1751516
4209,3.1178005,1.0575826
4210,0.029594822,0.89034057
4211,-1.4667128,2.1555052
4212,-3.5504885,4.240741
4213,-0.18893455,4.040683
4214,0.40213296,-4.042509
4215,2.6520948,-2.5727384
4216,-4.5586233,0.41758022
4217,4.597053,1.0223844
4218,0.22591239,-3.0049422
4219,-1.4460526,-2.023877
4220,0.7582256,0.1489894
4221,2.2886384,-2.969496
4222,4.1378036,4.8997755
4223,-3.1312625,-0.8542683
4224,2.367619,-2.2308834
4225,1.0313843,4.91883
4226,3.2124007,-4.859988
4227,-0.64603066,-0.007673806
4228,1.1330631,0.631884
4229,4.05179,4.4450865
4230,-2.318302,-1.8931632
4231,3.7587206,-0.8195472
4232,2.2171981,2.675314
4233,4.153207,4.3405833
4234,-0.6224481,3.3948638
4235,-0.62667066,-4.202033
4236,4.269235,3.9228542
4237,3.5453649,4.825498
4238,-4.639712,3.1381867
4239,3.2673335,3.8440354
4240,-4.2695737,-4.0148835
4241,-4.867431,0.8559984
4242,0.8666189,3.0239227
4243,-3.4082625,-4.723883
4244,2.1001785,-1.1249275
4245,2.5260448,-1.2799019
4246,-1.6978283,2.3019075
4247,0.043472473,5.003439
4248,-1.7948023,2.118098
4249,4.6872582,0.93402016
4250,1.7110074,-1.0995597
4251,5.326359,-5.14583
4252,1.6634624,-0.9995643
4253,-1.102657,1.6173486
4254,4.7587776,4.2813063
4255,-3.1763704,0.08400615
4256,0.6091052,0.6900862
4257,-4.787453,3.296989
4258,4.4778094,-0.17022951
4259,-3.2206442,4.0118237
4260,2.7794394,2.8736851
4261,4.47492,-0.5203085
4262,4.6272187,-0.7279589
4263,-0.29153693,1.0097016
4264,0.021073652,-4.16485
4265,-2.3573365,1.2020816
4266,4.170362,-4.8835874
4267,-3.2179344,-0.52406836
4268,4.5262094,-3.2854319
4269,0.45671436,-3.630026
4270,-3.7047493,4.5215926
4271,-0.3888731,-0.24360539
4272,-2.3439302,1.3059012
4273,-1.6073046,-1.948849
4274,2.2191737,-2.192509
4275,-4.3681316,0.67856663
4276,-3.7982552,4.0360756
4277,-3.5728912,-3.2514503
4278,-1.5798585,1.9249148
4279,2.3369424,2.4111428
4280,-0.66863704,-0.6064236
4281,-3.3281634,4.342937
4282,-3.5994072,-3.416049
4283,0.6222014,0.2685897
4284,-4.6992917,-4.8116846
4285,4.6165175,-4.804656
4286,2.737779,1.4397727
4287,3.3048751,-3.4771903
4288,3.4945395,2.9696023
4289,-0.3009057,-4.4853334
4290,3.7576585,4.4288754
4291,-0.28629863,-3.4945185
4292,1.4732412,-1.6297809
4293,-1.2369277,-1.2542902
4294,1.7207595,-1.086698
4295,-0.09173579,-4.5340915
4296,0.5078415,-4.8758965
4297,1.9820577,1.9751571
4298,-0.52439845,-3.9694471
4299,-4.239808,3.7646024
4300,-0.63557005,3.9456882
4301,-0.5264992,0.33951104
4302,1.013647,-3.6227741
4303,0.028035233,4.0901237
4304,-0.5812333,-3.357927
4305,-0.7933187,-3.518382
4306,1.0745988,4.6341186
4307,3.0712159,-2.1753986
4308,0.17725842,0.49451983
4309,-1.9707514,-1.3425627
4310,-4.239003,0.18039338
4311,-1.9493701,2.4321778
4312,-3.4456172,-3.3981023
4313,0.8384013,-1.5151284
4314,-2.456872,2.1869664
4315,-2.3121157,2.152596
4316,0.40304482,-0.15664878
4317,0.29125082,-3.0103266
4318,-1.9148388,1.7350041
4319,-4.9942307,4.993024
4320,-2.3012326,1.7162923
4321,-5.227323,4.818522
4322,-2.2068717,1.0980871
4323,2.7030528,-2.2714593
4324,2.6943974,2.4033222
4325,1.9785334,-1.3890808
4326,-2.6993952,1.3187512
4327,-4.0615344,3.8191657
4328,3.8388689,0.2655909
4329,-0.87971455,0.3014787
4330,-4.7010074,4.7652926
4331,3.9065337,3.984979
4332,-4.000328,3.6972213
4333,-3.3956456,-3.5860424
4334,-2.84885,-1.6346039
4335,-1.1467016,1.9542106
4336,3.3451004,3.776582
4337,0.8564111,4.0443516
4338,-4.6538506,-3.7274828
4339,-1.8465062,1.3454567
4340,0.75359595,4.754411
4341,2.0508773,1.9286577
4342,-4.671275,3.0263505
4343,-4.5720425,-3.9566727
4344,4.140207,-4.4138546
4345,3.8560126,-4.4968076
4346,-0.07529866,-1.0022006
4347,-2.574645,-2.789928
4348,0.030640433,0.09574527
4349,-3.5743906,-3.880906
4350,-0.7221294,-3.828833
4351,-3.4558601,0.59494746
4352,3.0726871,-0.0018258822
4353,4.4463196,4.2714486
4354,0.56537235,-3.3807378
4355,-0.55036914,-0.678268
4356,-4.684192,-3.094417
4357,4.545943,-3.7012787
4358,3.8571484,3.749942
4359,1.1715522,-2.2558885
4360,3.6571522,-0.93185955
4361,-3.6338866,4.8578024
4362,2.1274633,1.078472
4363,-2.1444802,1.6134905
4364,3.6792715,3.708222
4365,2.1703641,2.3789892
4366,2.5889983,1.9488987
4367,1.8045022,-1.0203261
4368,-0.8719939,4.398794
4369,-4.0729976,-3.5288897
4370,-2.8981724,-1.512364
4371,-4.888602,4.2174897
4372,0.5939064,-3.9214957
4373,2.3278415,-1.4912267
4374,-3.9346867,3.5414414
4375,-3.008441,-0.39979932
4376,-1.8506972,2.633382
4377,-0.0025703693,-0.38278002
4378,-0.774698,-3.4985154
4379,-2.3325737,1.117833
4380,1.4666932,2.7980983
4381,-3.692608,-4.6631684
4382,-0.97313815,-1.0038279
4383,3.5164487,-3.7490015
4384,1.6028744,2.616962
4385,0.65336144,0.36138505
4386,-3.6987357,-4.6447983
4387,4.441485,-0.24485801
4388,-2.6622007,-1.3773881
4389,3.015874,3.1498003
4390,3.4612603,0.14851938
4391,4.743942,-5.0080805
4392,-4.3469634,4.120836
4393,-2.0701785,2.0229132
4394,4.863911,0.7662014
4395,-1.099284,-0.5780157
4396,4.577933,-0.9608549
4397,-1.5525475,1.9316862
4398,0.5415691,-0.92398536
4399,3.492357,0.54502076
4400,0.60022247,4.5816517
4401,0.618187,0.29855555
4402,0.8532833,0.28884193
4403,-4.654882,-4.83898
4404,-3.630104,4.017188
4405,-4.031278,0.14453852
4406,-0.27108136,-4.3134236
4407,-3.9907973,-0.115404256
4408,-0.20554522,-2.9571826
4409,-2.2072756,-2.227075
4410,-2.2770305,-1.6533068
4411,4.1356616,-4.1004024
4412,4.9002824,0.19722834
4413,-2.9656694,-0.08064457
4414,-0.60479707,-4.3506413
4415,-3.0357625,-5.0532937
4416,1.6953484,-1.6350704
4417,-4.362769,-3.38818
4418,4.039215,-1.022724
4419,0.8909987,-2.532386
4420,4.3460636,-4.743255
4421,-4.3633885,-3.2010076
4422,4.3605595,-4.5584702
4423,-0.1799702,-0.7233147
4424,-1.2204444,1.161938
4425,-3.6582837,1.0408791
4426,3.7861269,3.9776502
4427,-4.298344,4.744375
4428,0.90117484,4.4087787
4429,-2.0930848,-1.9082758
4430,4.261433,-0.26957002
4431,-4.202263,-3.743895
4432,-1.4845695,1.7799864
4433,-2.756114,-1.5702664
4434,1.2135137,2.9234018
4435,-4.1995487,3.7633288
4436,2.009597,1.3145596
4437,-1.1198455,2.6774411
4438,3.5225546,3.693221
4439,3.4890065,-5.082841
4440,-1.3731803,1.7905674
4441,-2.058555,2.4437485
4442,-3.7652664,2.9470038
4443,3.9476392,2.9840887
4444,-2.9333594,-1.8144445
4445,-0.7580748,-3.2496424
4446,-3.5161679,-4.934987
4447,0.10876836,5.0209756
4448,1.564325,1.1808293
4449,-0.6682171,-3.9837744
4450,-0.8190343,0.599834
4451,4.2955847,3.338462
4452,2.7342184,-1.9265547
4453,-1.0491543,-2.0653648
4454,3.3629448,3.7713137
4455,-1.9323521,-2.5405254
4456,4.399063,4.6908746
4457,-4.7415257,-4.371347
4458,2.3448224,1.121795
4459,-3.6068506,4.726727
4460,1.7654135,-2.59805
4461,4.849836,3.354396
4462,-4.4088516,3.2218592
4463,2.8391883,2.2583795
4464,0.8175208,-4.4794946
4465,-1.0873281,-1.0436007
4466,-4.021934,-3.4524903
4467,-2.2532322,-2.729557
4468,1.9407401,2.235349
4469,-2.1182816,2.7547174
4470,-4.199099,3.253898
4471,-0.44818488,0.5739975
4472,-4.403741,3.9361143
4473,2.3003585,2.2466488
4474,2.8059125,-2.520934
4475,1.0525148,-2.2456267
4476,0.5240891,-3.77535
4477,-2.1140602,-2.7470088
4478,1.5547571,1.3019879
4479,-3.4697995,-0.7876009
4480,4.585362,0.38568366
4481,-4.791161,-0.2927015
4482,0.67441416,-4.681687
4483,-2.730202,-1.3728195
4484,-4.1036096,3.2245111
4485,-3.6489966,-3.2899597
4486,3.1929097,0.7878025
4487,-0.6524152,3.86802
4488,-0.015444333,-0.84893966
4489,-2.7730305,-2.6338968
4490,-5.056383,3.7472613
4491,-2.618358,-1.858906
4492,2.023212,-2.2842064
4493,2.9039838,2.0802407
4494,0.6721156,-4.7623878
4495,-0.29577327,-4.5042715
4496,-3.233642,-0.76746947
4497,-2.7132745,-1.8867981
4498,-0.9710352,0.26615062
4499,0.6703978,4.3135066
4500,4.3482246,-4.7658257
4501,5.1728163,-4.3414545
4502,-4.8429413,3.9916737
4503,-4.013838,3.7972498
4504,0.4232302,-3.4861116
4505,2.4354124,-2.483151
4506,2.8004146,-2.1739671
4507,-2.3827972,-1.5855145
4508,-2.989278,-4.0293136
4509,1.0891217,-1.355466
4510,-0.2252357,-3.762011
4511,-3.298639,0.2004204
4512,0.11741815,-4.1550746
4513,0.8126603,0.7510169
4514,1.7416033,-2.658493
4515,-0.047541354,-5.128056
4516,-4.7949653,4.224479
4517,2.2676222,-1.4079443
4518,-3.9805913,4.7495317
4519,-3.289643,-4.33353
4520,4.581941,3.7900968
4521,-4.4804454,3.824043
4522,-0.903082,-1.07464
4523,-0.33562025,4.949303
4524,4.3026156,-3.7318587
4525,1.1396153,-2.5302422
4526,2.3219886,2.5115893
4527,-4.7257566,-4.2817163
4528,-3.697971,-3.6788445
4529,-2.3172948,-2.4895546
4530,-4.045178,-0.10109487
4531,-2.6632607,-2.402497
4532,0.7580595,0.12130303
4533,3.8655534,-0.5248656
4534,3.9593923,-4.0109744
4535,-3.2600825,4.066368
4536,-3.4368315,-0.06177836
4537,-1.575896,-1.2052028
4538,-1.3944304,1.17763
4539,-5.0412064,3.8250654
4540,-4.15723,-3.9348958
4541,-2.2323048,-2.283361
4542,-1.7931443,1.8490009
4543,4.9014573,-3.5152009
4544,-4.7921844,-0.7051289
4545,-2.8567848,-1.488992
4546,4.754079,3.6095748
4547,-3.0353067,-3.2333434
4548,4.414366,0.21456604
4549,-1.6834127,2.2567866
4550,-4.6337814,0.41265526
4551,3.2578847,-4.8342934
4552,-4.2748456,-0.22963612
4553,-0.6220358,4.22049
4554,-4.7554364,-3.7928724
4555,-2.8662863,1.118669
4556,1.1370108,-1.4819194
4557,-0.19589053,-4.233584
4558,3.803357,3.0530248
4559,3.9377356,2.8887393
4560,-0.19851683,0.8208695
4561,-2.6774862,-1.1446232
4562,4.721449,-0.7387206
4563,4.3603306,3.352688
4564,2.1277387,-1.0410618
4565,-4.0086913,-3.7538111
4566,2.9876587,1.2164406
4567,3.95399,0.4527762
4568,-1.6893252,2.5308216
4569,2.3328857,-2.3927767
4570,-3.287028,-0.4890262
4571,3.706416,-3.4519053
4572,-0.9242886,-3.2695343
4573,-1.871924,1.7501212
4574,-2.058452,1.2203609
4575,-4.101685,-0.010587294
4576,-1.9649682,1.4802969
4577,0.0850067,-0.098275274
4578,0.38510287,3.7113683
4579,-1.4545999,-2.9050336
4580,1.8025826,-1.1806984
4581,-0.405964,-3.0431492
4582,-4.674289,4.0131264
4583,-1.2633373,-1.6181452
4584,2.5147073,-1.6164709
4585,2.0699353,-2.7773755
4586,-3.0009077,-4.056432
4587,-0.67073846,-0.43309516
4588,-4.837668,4.699525
4589,3.236689,0.21272923
4590,4.7172947,-0.25842738
4591,5.081762,4.625409
4592,-3.324185,0.5457612
4593,4.384031,3.0678053
4594,-3.2761507,4.4572167
4595,5.123739,0.4281993
4596,-4.9417596,3.488776
4597,0.46058622,4.8136516
4598,-2.6475456,-1.8761699
4599,4.8157854,3.838672
4600,4.780498,0.503196
4601,0.21186721,-4.203943
4602,-4.630594,-4.5661583
4603,0.38705432,-3.8255744
4604,0.25136697,-4.4474354
4605,-2.8064659,-1.2478908
4606,1.31374,2.4548
4607,0.047859922,3.9634137
4608,-3.8089738,4.734784
4609,-1.5570124,-0.90024096
4610,4.355219,0.8845961
4611,-2.5321982,-2.8285236
4612,-4.5813484,-3.6353924
4613,3.2416818,0.66098726
4614,-4.323642,-0.84249276
4615,4.3653736,-5.203653
4616,-3.7015042,3.8231733
4617,-1.9721394,-1.2543105
4618,4.49308,3.6588705
4619,0.55096793,0.94130886
4620,3.8825305,3.2601852
4621,0.5762407,3.907258
4622,-1.3359363,2.267605
4623,-3.1838446,0.67811203
4624,-0.95058554,-3.0737002
4625,-0.4864757,0.935575
4626,-0.7115774,-0.8196167
4627,-4.4942665,4.1269135
4628,-2.2586906,2.4792726
4629,3.6907117,3.505577
4630,-3.2820487,-0.43217438
4631,4.2376695,-4.3606987
4632,0.5047361,4.387595
4633,-2.855354,-0.9233014
4634,-1.5425693,1.4952081
4635,2.8883107,-0.91729546
4636,-0.058295447,3.9576995
4637,1.6834407,1.4069117
4638,-2.499925,-2.3441045
4639,-5.04847,5.007855
4640,1.5286416,-1.6734006
4641,-3.9690661,-0.04412727
4642,-3.6012428,-3.1309829
4643,4.866921,-0.37634465
4644,-2.1056495,2.5396454
4645,2.746091,-2.8779423
4646,0.44700295,0.09692978
4647,2.2354271,2.3179362
4648,-3.444876,-4.1814384
4649,-4.364545,-0.34493867
4650,1.1790814,2.3782709
4651,-3.6700451,0.21886556
4652,-2.6302047,3.1551712
4653,5.0113635,4.371615
4654,0.22000352,-0.89149094
4655,2.6247554,1.3293086
4656,3.9007084,0.21229896
4657,-3.268252,2.9573731
4658,4.1381326,-4.818708
4659,0.28016913,2.9020293
4660,-4.3829813,0.406901
4661,2.2861984,-1.5340338
4662,-0.7527732,-3.2177734
4663,-4.692551,-4.3954525
4664,-4.8771005,-3.533307
4665,-4.6237907,3.4011555
4666,1.6107212,1.750775
4667,4.378611,0.7413534
4668,-4.058273,0.58151823
4669,-3.9749434,-0.4356089
4670,-3.8523386,0.04873412
4671,3.5835364,4.5395336
4672,4.172618,3.1211667
4673,-2.3324175,2.2139761
4674,-4.4102736,4.086316
4675,-3.66252,3.6343863
4676,1.660749,-2.1974456
4677,2.6326075,1.8779135
4678,-3.35651,-0.93127966
4679,0.69336474,4.90938
4680,1.4090477,-1.8388981
4681,-4.2421536,0.053781554
4682,4.6719155,0.7084639
4683,4.4931173,4.2943606
4684,0.6538605,0.48175403
4685,1.3454872,-2.5968137
4686,1.9788893,-1.744519
4687,-4.2889066,-3.6904747
4688,0.5227909,-3.094953
4689,-2.9152968,-2.5278358
4690,1.6699375,2.1203895
4691,-1.3056842,-1.4228257
4692,-3.4606135,-0.1314692
4693,-3.4629478,-4.0039887
4694,-4.0395017,-0.45944118
4695,3.9672863,0.45297423
4696,-1.9286774,2.4422574
4697,-0.6283458,-0.15011969
4698,-1.9348565,1.2669626
4699,-3.5003145,-4.511732
4700,3.5325394,-3.9315794
4701,0.93819225,1.8455667
4702,-2.1649218,2.2933753
4703,-1.081472,-2.4424038
4704,3.7541904,3.0962982
4705,1.735241,2.0904992
4706,-2.233072,-2.1410582
4707,-1.3397279,-2.1867504
4708,-4.6336293,-0.004389169
4709,0.66346854,0.79904056
4710,1.2927637,-1.2317871
4711,3.6619525,3.5180624
4712,-0.17100105,0.6341269
4713,4.9048634,0.91667485
4714,-0.7207967,-3.0368404
4715,-3.5599966,3.8430808
4716,0.6398817,0.35638833
4717,-0.2824063,-0.26177868
4718,-0.8292745,-0.82304513
4719,-1.6105269,1.5452276
4720,-0.91096324,4.022946
4721,1.6800364,-1.1048982
4722,-1.711988,1.4463094
4723,-1.7123014,-1.0698695
4724,-4.0754223,-2.9987798
4725,3.0470357,3.0626683
4726,-0.011183461,0.6355183
4727,-2.3987317,-1.7235379
4728,0.48055246,0.9907141
4729,-3.475239,-4.804553
4730,3.7572312,5.006139
4731,-3.228754,0.31668425
4732,4.681133,-4.477462
4733,2.2851605,-2.082753
4734,-4.563118,0.07885123
4735,-3.4183478,3.3668487
4736,3.1425736,-3.988348
4737,3.6590345,0.6316714
4738,0.51265657,-0.1805974
4739,-3.3547199,-4.095021
4740,1.3764236,2.8915699
4741,-0.97443956,-1.4153343
4742,-4.3068476,-4.12722
4743,0.18045554,-0.9555598
4744,4.2017384,4.709288
4745,-0.38580486,-3.7616467
4746,2.952737,2.8825424
4747,-4.284813,0.15181303
4748,1.4283217,1.4421104
4749,-4.45909,-4.060902
4750,4.0857606,0.635195
4751,3.3155355,-3.8729975
4752,-1.8965442,2.8856413
4753,1.1217109,2.8278925
4754,1.787127,2.8881435
4755,3.7446184,-0.10229109
4756,-3.9569666,0.718376
4757,-3.2225528,4.564042
4758,-3.3121912,4.8075743
4759,3.0545895,3.11953
4760,4.2474637,0.5681133
4761,1.7331028,2.338327
4762,4.435916,4.567557
4763,-3.4958632,-3.671547
4764,-4.1071787,4.694955
4765,-2.1756883,-2.2405117
4766,-0.37123582,-4.252962
4767,-4.158099,-4.3471494
4768,-3.9004118,4.688223
4769,-1.4127282,2.8110676
4770,-4.9587927,-0.29170632
4771,4.578004,-4.083295
4772,-0.2794478,-3.7469878
4773,1.5328523,2.572847
4774,-3.880487,4.3028893
4775,2.6238818,2.9917643
4776,0.28793094,-3.473934
4777,2.8887322,0.96162015
4778,4.632302,0.107573695
4779,1.9217535,2.1550198
4780,4.0199676,-0.7909209
4781,0.9452698,2.1285808
4782,3.9410741,-0.19810979
4783,2.1576533,-2.6246145
4784,0.722728,0.64330447
4785,4.2496953,3.3403647
4786,0.7658819,-3.1275153
4787,2.23264,2.7284508
4788,-0.21577184,-3.2313914
4789,0.030191356,-4.48704
4790,3.1636462,4.5084095
4791,-0.65366715,-0.6275473
4792,-2.5163753,1.178111
4793,3.787032,-3.1470175
4794,0.054939713,-4.2369485
4795,-2.5223503,-2.2620358
4796,1.7523203,-2.8890145
4797,4.116176,3.3322282
4798,3.7740576,-0.32527313
4799,-0.5222538,0.5012826
4800,-3.6912937,0.7445456
4801,3.79682,-3.5008366
4802,-0.65607417,-0.873971
4803,-1.7216806,-2.660741
4804,3.4469874,-0.66644377
4805,3.7935057,4.820008
4806,3.4469392,3.407644
4807,0.36735755,-0.7124048
4808,2.5248694,-1.9455384
4809,2.949615,-2.2374878
4810,2.4546123,-2.616024
4811,1.2189019,0.6095024
4812,2.5906942,-1.1392931
4813,-3.2396297,-3.0884979
4814,2.8849802,2.2573223
4815,-2.3506308,-1.3743753
4816,-4.9963326,4.1096873
4817,3.5678403,4.0530353
4818,-0.5872724,-0.012424872
4819,-0.51298046,-3.3770642
4820,3.9979374,-4.767113
4821,4.3069186,0.5225546
4822,3.965532,3.3675146
4823,3.7914722,3.7783768
4824,-1.8381796,1.1413357
4825,1.157608,2.1520364
4826,-0.7096658,-4.1615515
4827,-1.3015558,1.8713976
4828,4.6624446,-0.17468049
4829,0.7928239,-0.93345207
4830,3.0317993,-1.1028235
4831,0.037489224,4.4814734
4832,1.662893,1.275484
4833,-4.416983,4.6667366
4834,-0.17636009,2.8940325
4835,-0.84975713,-0.5646766
4836,-2.5565634,2.4624066
4837,-0.05231718,3.6457784
4838,-3.1271763,4.7682567
4839,-4.6789436,-3.699371
4840,-4.510098,3.4596157
4841,4.7458572,3.0798764
4842,-0.20722659,-4.256266
4843,1.2410856,-1.1643535
4844,-4.626125,4.438792
4845,-0.7593728,-0.92643535
4846,4.196267,3.4257665
4847,4.586643,3.5304995
4848,-3.7335777,-3.658181
4849,1.555382,-2.4268603
4850,0.46512198,3.3293917
4851,-3.8176074,-0.9020861
4852,-2.0761778,-1.5379658
4853,0.2981624,3.5386066
4854,-0.9498836,-3.4777074
4855,1.2942713,-2.5785673
4856,-3.2271752,-3.7355504
4857,-0.11181874,0.031282913
4858,-4.4094834,-3.432027
4859,4.530586,-3.0820076
4860,1.099436,-2.7963562
4861,2.91314,-1.1770585
4862,-4.1292257,-0.25088638
4863,0.56879437,4.6289477
4864,-0.34019098,4.0695157
4865,-3.9625602,4.243166
4866,-1.7067732,-1.4440728
4867,-0.9143028,2.7528222
4868,-1.0780326,3.7206726
4869,4.1459255,-4.898394
4870,-4.483704,4.065575
4871,-4.323231,4.0659103
4872,-4.571425,-0.5966918
4873,0.6722408,4.918434
4874,-3.7875075,3.0009005
4875,-4.6902494,-4.7142954
4876,1.5181867,2.592896
4877,3.9811537,0.06871267
4878,-3.807028,-3.0503328
4879,3.741887,-4.1339164
4880,0.15448649,4.5819902
4881,-1.3577528,-2.3294377
4882,0.10003481,0.21224
4883,4.9281116,-4.741596
4884,2.8296187,2.9599242
4885,-2.7930207,0.91549855
4886,-4.538675,4.6757374
4887,4.707526,-3.8869014
4888,1.3262968,-1.5086992
4889,1.8577455,-2.7810473
4890,-4.6584244,-0.52993464
4891,-4.299476,4.600808
4892,-3.0285723,1.7563487
4893,-2.120742,2.6383114
4894,4.4619665,-3.530286
4895,1.4585009,2.8334424
4896,5.159998,-4.5986776
4897,-4.367105,3.5117905
4898,-5.000392,3.3555508
4899,2.467591,-2.4840593
4900,-4.5949855,3.2279284
4901,3.933396,-4.6497335
4902,2.4953377,2.4475188
4903,-2.0130873,2.8912652
4904,0.22202858,0.42147636
4905,-0.30477643,0.27292368
4906,1.0962068,-3.554967
4907,-4.2869844,-1.0647808
4908,4.137704,-0.27235886
4909,-0.8692344,-4.4581256
4910,-0.63737816,-3.526336
4911,-0.5007107,3.4770234
4912,-2.4951532,1.2098374
4913,-2.4347355,-2.4114213
4914,1.4753369,1.3237419
4915,-0.031015787,-0.70352644
4916,2.64008,-1.3718648
4917,4.2675195,4.4305873
4918,-2.1844468,1.037344
4919,-3.9740303,0.22922206
4920,2.6384358,2.823546
4921,2.5072815,-1.3857124
4922,-4.2409325,0.6830807
4923,-0.7588622,3.042604
4924,3.4096577,-3.8460448
4925,-2.7896144,1.7887015
4926,0.770645,4.284054
4927,-4.386194,3.2419474
4928,-4.8792834,-4.1540585
4929,-2.4041705,-2.2789907
4930,1.3789932,-2.1965327
4931,-0.6294395,-3.8284893
4932,-0.13681665,-0.798004
4933,-3.103812,-1.7263283
4934,-4.7469406,-4.7733154
4935,-4.101072,0.992579
4936,-2.9991133,-1.3188812
4937,-0.6873794,-3.319797
4938,4.346999,-0.5849934
4939,2.182457,2.8951888
4940,-0.7078257,4.748713
4941,1.9016392,-1.7449746
4942,-0.49197558,-0.96549326
4943,3.2018967,-0.15268451
4944,-0.06068969,4.482889
4945,1.7173634,-2.096158
4946,4.1249795,3.1509964
4947,1.2979468,-2.482218
4948,-0.25537956,4.7162366
4949,3.6018715,4.407139
4950,-4.037955,-4.5523896
4951,1.5681524,-1.6582288
4952,1.2008315,1.5254447
4953,0.4422666,4.209285
4954,-1.5014126,2.4340427
4955,4.4122148,3.2594028
4956,-0.5665695,-0.101981446
4957,-1.2608714,1.6380532
4958,-0.41311124,0.76156414
4959,4.6593213,-4.0565166
4960,-3.2275376,3.8760338
4961,1.2985564,-1.5346043
4962,-0.92354333,-2.9402566
4963,-0.12630025,3.1672857
4964,-3.917117,3.247047
4965,-0.007267246,-4.5788264
4966,-1.8529614,-1.7611139
4967,-2.4818356,2.7659154
4968,-1.542882,2.9665408
4969,3.0482235,2.9217482
4970,-0.6585016,0.37108245
4971,4.0443296,-3.7509243
4972,-0.28386834,0.19033827
4973,-3.1358016,4.2310443
4974,-3.8067052,4.808599
4975,-1.1399891,2.3403215
4976,-4.3890996,-0.48003522
4977,3.7285779,3.4465854
4978,-1.6716046,-1.1798304
4979,-3.701517,3.9639862
4980,4.1653323,-4.5677733
4981,-4.484525,-3.2658126
4982,-0.4933054,0.18906759
4983,0.027793337,-3.1393116
4984,4.977575,0.5779309
4985,-0.026809048,-4.431873
4986,-0.17966741,-0.3162165
4987,-0.12300665,3.606751
4988,-0.8719789,4.6833596
4989,3.380605,0.6352966
4990,4.0250325,-4.7924595
4991,-3.2930748,3.473361
4992,3.1987586,4.2350388
4993,2.9085486,-2.5810847
4994,-3.2462924,0.6343003
4995,2.848141,2.4822595
4996,0.27638605,4.5783095
4997,1.5064481,-3.051849
4998,4.2642484,-4.1435533
4999,0.9664637,-0.8751195
5000,-3.601978,3.4600432
